timestamp	stage	target	item	error_class	error	action_taken	final_status
2026-10-03T12:56:56.688480+00:00	references	all	https://ddbj.nig.ac.jp/public/ddbj_database/dra/metadata/DRA009/DRA009383/DRA009383.submission.xml	HTTPError	HTTP Error 404: Not Found	retain independent inputs; retry exact URL	blocked
2026-10-03T12:56:58.490569+00:00	references	all	https://ddbj.nig.ac.jp/public/ddbj_database/dra/metadata/DRA009/DRA009384/DRA009384.submission.xml	HTTPError	HTTP Error 404: Not Found	retain independent inputs; retry exact URL	blocked
2026-10-03T13:20:38.387940+00:00	baselines	integrin	integrin/0.7/family/supervised	ValueError	Training assays lack both published classes	retain other methods and report exclusion	excluded
2026-10-03T13:22:21.573150+00:00	baselines	integrin	integrin/0.7/family/supervised	ValueError	Training assays lack both published classes	retain other methods and report exclusion	excluded
2026-10-03T13:39:05.788591+00:00	tests	all	C:/Users/User/Documents/Structural_Biology/aptamer_selex_generative_design_pipeline/.venv/Scripts/python.exe -m pytest -q	RuntimeError	exit=1; RSS sums sampled process tree at 0.2 s; disk sampled at 1 s; short peaks may be missed	stop	blocked
2026-10-03T13:42:55.010635+00:00	baselines	integrin	integrin/0.7/family/supervised	ValueError	Training assays lack both published classes	retain other methods and report exclusion	excluded
2026-10-03T13:44:59.408931+00:00	baselines	integrin	integrin/0.7/family/supervised	ValueError	Training assays lack both published classes	retain other methods and report exclusion	excluded
2026-10-03T13:48:54.191784+00:00	figures	all	C:/Users/User/Documents/Structural_Biology/aptamer_selex_generative_design_pipeline/.venv/Scripts/python.exe scripts/16_figures.py	RuntimeError	exit=1; RSS sums sampled process tree at 0.2 s; disk sampled at 1 s; short peaks may be missed	stop	blocked
2026-10-03T14:20:53.033938+00:00	baselines	integrin	integrin/0.7/family/supervised	ValueError	Training assays lack both published classes	retain other methods and report exclusion	excluded
2026-10-03T14:21:38.749160+00:00	baselines	integrin	integrin/0.7/family/supervised	ValueError	Training assays lack both published classes	retain other methods and report exclusion	excluded
2026-10-03T14:25:16.591689+00:00	tests	all	C:/Users/User/Documents/Structural_Biology/aptamer_selex_generative_design_pipeline/.venv/Scripts/python.exe -m pytest -q --junitxml=logs/pytest.xml	RuntimeError	exit=1; RSS sums sampled process tree at 0.2 s; disk sampled at 1 s; short peaks may be missed	stop	blocked
2026-10-03T14:29:25.684458+00:00	full_preflight	all	GPU artifacts	RuntimeError	"Full mode refused:
Neural score/recovery aggregation is not yet validated on real returned artifacts. Stage 12 currently merges local methods only; finish and validate the neural evaluator before enabling full mode. See HANDOVER.md.
raptgen_integrin_family: missing returned artifacts; bash remote/raptgen/run_remote.sh remote\bundles\raptgen_integrin_family output/raptgen_integrin_family
raptgen_integrin_random: missing returned artifacts; bash remote/raptgen/run_remote.sh remote\bundles\raptgen_integrin_random output/raptgen_integrin_random
raptgen_tg2_family: missing returned artifacts; bash remote/raptgen/run_remote.sh remote\bundles\raptgen_tg2_family output/raptgen_tg2_family
raptgen_tg2"	prepare hosted jobs; resolve licence; import verified outputs	blocked
2026-10-03T14:29:26.030922+00:00	full_preflight	all	C:/Users/User/Documents/Structural_Biology/aptamer_selex_generative_design_pipeline/.venv/Scripts/python.exe scripts/full_preflight.py	RuntimeError	exit=1; RSS sums sampled process tree at 0.2 s; disk sampled at 1 s; short peaks may be missed	stop	blocked
2026-10-03T14:29:27.575738+00:00	clean_clone	all	C:/Users/User/Documents/Structural_Biology/aptamer_selex_generative_design_pipeline/.venv/Scripts/python.exe scripts/clean_clone.py	RuntimeError	exit=1; RSS sums sampled process tree at 0.2 s; disk sampled at 1 s; short peaks may be missed	stop	blocked
2026-10-03T14:37:37.837979+00:00	full_preflight	all	GPU artifacts	RuntimeError	"Full mode refused:
Neural score/recovery aggregation is not yet validated on real returned artifacts. Stage 12 currently merges local methods only; finish and validate the neural evaluator before enabling full mode. See HANDOVER.md.
raptgen_integrin_family: missing returned artifacts; bash remote/raptgen/run_remote.sh remote\bundles\raptgen_integrin_family output/raptgen_integrin_family
raptgen_integrin_random: missing returned artifacts; bash remote/raptgen/run_remote.sh remote\bundles\raptgen_integrin_random output/raptgen_integrin_random
raptgen_tg2_family: missing returned artifacts; bash remote/raptgen/run_remote.sh remote\bundles\raptgen_tg2_family output/raptgen_tg2_family
raptgen_tg2"	prepare hosted jobs; resolve licence; import verified outputs	blocked
2026-10-03T14:37:38.234530+00:00	full_preflight	all	C:/Users/User/Documents/Structural_Biology/aptamer_selex_generative_design_pipeline/.venv/Scripts/python.exe scripts/full_preflight.py	RuntimeError	exit=1; RSS sums sampled process tree at 0.2 s; disk sampled at 1 s; short peaks may be missed	stop	blocked
2026-10-03T14:44:31.893327+00:00	full_preflight	all	GPU artifacts	RuntimeError	"Full mode refused:
Neural score/recovery aggregation is not yet validated on real returned artifacts. Stage 12 currently merges local methods only; finish and validate the neural evaluator before enabling full mode. See HANDOVER.md.
raptgen_integrin_family: missing returned artifacts; bash remote/raptgen/run_remote.sh remote/bundles/raptgen_integrin_family output/raptgen_integrin_family
raptgen_integrin_random: missing returned artifacts; bash remote/raptgen/run_remote.sh remote/bundles/raptgen_integrin_random output/raptgen_integrin_random
raptgen_tg2_family: missing returned artifacts; bash remote/raptgen/run_remote.sh remote/bundles/raptgen_tg2_family output/raptgen_tg2_family
raptgen_tg2"	prepare hosted jobs; resolve licence; import verified outputs	blocked
2026-10-03T14:44:32.301308+00:00	full_preflight	all	C:/Users/User/Documents/Structural_Biology/aptamer_selex_generative_design_pipeline/.venv/Scripts/python.exe scripts/full_preflight.py	RuntimeError	exit=1; RSS sums sampled process tree at 0.2 s; disk sampled at 1 s; short peaks may be missed	stop	blocked
2026-10-03T15:57:35.171930+00:00	readme_review	all	C:/Users/User/Documents/Structural_Biology/aptamer_selex_generative_design_pipeline/.venv/Scripts/python.exe C:/Users/User/Documents/Structural_Biology/aptamer_selex_generative_design_pipeline/.venv/Scripts/python.exe scripts/write_report.py	RuntimeError	exit=1; RSS sums sampled process tree at 0.2 s; disk sampled at 1 s; short peaks may be missed	stop	blocked
2026-10-03T16:10:48.436728+00:00	full_preflight	all	GPU artifacts	RuntimeError	"Full mode refused:
Neural score/recovery aggregation is not yet validated on real returned artifacts. Stage 12 currently merges local methods only; finish and validate the neural evaluator before enabling full mode. See HANDOVER.md.
raptgen_integrin_family: missing returned artifacts; bash remote/raptgen/run_remote.sh remote/bundles/raptgen_integrin_family output/raptgen_integrin_family
raptgen_integrin_random: missing returned artifacts; bash remote/raptgen/run_remote.sh remote/bundles/raptgen_integrin_random output/raptgen_integrin_random
raptgen_tg2_family: missing returned artifacts; bash remote/raptgen/run_remote.sh remote/bundles/raptgen_tg2_family output/raptgen_tg2_family
raptgen_tg2"	prepare hosted jobs; resolve licence; import verified outputs	blocked
2026-10-03T16:10:48.783141+00:00	full_preflight	all	C:/Users/User/Documents/Structural_Biology/aptamer_selex_generative_design_pipeline/.venv/Scripts/python.exe scripts/full_preflight.py	RuntimeError	exit=1; RSS sums sampled process tree at 0.2 s; disk sampled at 1 s; short peaks may be missed	stop	blocked
