stage	command	start_timestamp	end_timestamp	elapsed_seconds	exit_status	peak_rss_bytes	disk_bytes_before	peak_observed_disk_bytes	disk_bytes_after	threads	execution_host_class	notes	minimum_free_bytes
references	C:/Users/User/miniconda3/python.exe scripts/acquire_reference_inputs.py --part metadata	2026-10-03T12:56:54.888923+00:00	2026-10-03T12:56:58.564143+00:00	3.675	0	31174656	509800	515435	515435	1	local_cpu	RSS sums sampled process tree at 0.2 s; disk sampled at 1 s; short peaks may be missed	18132520960
references	C:/Users/User/miniconda3/python.exe scripts/acquire_reference_inputs.py --part supplement	2026-10-03T12:57:39.119362+00:00	2026-10-03T12:57:41.069185+00:00	1.950	0	31920128	12844103	16283130	16283130	1	local_cpu	RSS sums sampled process tree at 0.2 s; disk sampled at 1 s; short peaks may be missed	18118934528
references	C:/Users/User/miniconda3/python.exe scripts/acquire_reference_inputs.py --part packages	2026-10-03T12:57:20.650716+00:00	2026-10-03T12:57:50.737004+00:00	30.086	0	45002752	515950	23218785	23218785	1	local_cpu	RSS sums sampled process tree at 0.2 s; disk sampled at 1 s; short peaks may be missed	18109599744
references	C:/Users/User/miniconda3/python.exe scripts/acquire_reference_inputs.py --part upstream	2026-10-03T12:58:11.994310+00:00	2026-10-03T12:58:23.594828+00:00	11.601	0	33251328	23219104	64571148	64571148	1	local_cpu	RSS sums sampled process tree at 0.2 s; disk sampled at 1 s; short peaks may be missed	18060005376
metadata	C:/Users/User/miniconda3/python.exe scripts/03_fetch_metadata.py	2026-10-03T13:05:48.944051+00:00	2026-10-03T13:06:13.071517+00:00	24.127	0	31510528	76706189	113767633	113767633	1	local_cpu	RSS sums sampled process tree at 0.2 s; disk sampled at 1 s; short peaks may be missed	18017853440
install	C:/Users/User/Documents/Structural_Biology/aptamer_selex_generative_design_pipeline/.venv/Scripts/python.exe -m pip install --no-cache-dir -r config/requirements.txt	2026-10-03T13:05:33.724936+00:00	2026-10-03T13:08:43.757994+00:00	190.033	0	182882304	75837287	546058655	452021428	1	local_cpu	RSS sums sampled process tree at 0.2 s; disk sampled at 1 s; short peaks may be missed	17549139968
software	C:/Users/User/Documents/Structural_Biology/aptamer_selex_generative_design_pipeline/.venv/Scripts/python.exe scripts/software_versions.py	2026-10-03T13:08:44.353256+00:00	2026-10-03T13:10:24.192977+00:00	99.840	0	75255808	452023628	452164409	452164409	1	local_cpu	RSS sums sampled process tree at 0.2 s; disk sampled at 1 s; short peaks may be missed	17599815680
ground_truth	C:/Users/User/Documents/Structural_Biology/aptamer_selex_generative_design_pipeline/.venv/Scripts/python.exe scripts/06_build_ground_truth.py	2026-10-03T13:10:42.189624+00:00	2026-10-03T13:11:03.491440+00:00	21.302	0	54829056	452164753	452214458	452214458	1	local_cpu	RSS sums sampled process tree at 0.2 s; disk sampled at 1 s; short peaks may be missed	17541832704
preprocess_integrin_3	'C:\Users\User\Documents\Structural_Biology\aptamer_selex_generative_design_pipeline\.venv\Scripts\python.exe' 'C:\Users\User\Documents\Structural_Biology\aptamer_selex_generative_design_pipeline\scripts\05_preprocess_selex.py' --input 'C:\Users\User\Documents\Structural_Biology\aptamer_selex_generative_design_pipeline\data\raw\DRR201870.fastq.gz' --target integrin --round 3	2026-10-03T13:11:24.902602+00:00	2026-10-03T13:12:31.166388+00:00	66.264	0	35794944	461945444	468169203	463164759	1	local_cpu	RSS sums sampled process tree at 0.2 s; disk sampled at 1 s; short peaks may be missed	17562370048
software	C:/Users/User/Documents/Structural_Biology/aptamer_selex_generative_design_pipeline/.venv/Scripts/python.exe scripts/software_versions.py	2026-10-03T13:13:01.894008+00:00	2026-10-03T13:13:03.344536+00:00	1.451	0	42123264	457630055	458678631	458678553	1	local_cpu	RSS sums sampled process tree at 0.2 s; disk sampled at 1 s; short peaks may be missed	17568301056
ground_truth	C:/Users/User/Documents/Structural_Biology/aptamer_selex_generative_design_pipeline/.venv/Scripts/python.exe scripts/06_build_ground_truth.py	2026-10-03T13:13:04.100873+00:00	2026-10-03T13:13:05.263770+00:00	1.163	0	2752512	459727500	460802413	460802413	1	local_cpu	RSS sums sampled process tree at 0.2 s; disk sampled at 1 s; short peaks may be missed	17568223232
preprocess_integrin_4	'C:\Users\User\Documents\Structural_Biology\aptamer_selex_generative_design_pipeline\.venv\Scripts\python.exe' 'C:\Users\User\Documents\Structural_Biology\aptamer_selex_generative_design_pipeline\scripts\05_preprocess_selex.py' --input 'C:\Users\User\Documents\Structural_Biology\aptamer_selex_generative_design_pipeline\data\raw\DRR201871.fastq.gz' --target integrin --round 4	2026-10-03T13:13:06.740185+00:00	2026-10-03T13:13:09.284947+00:00	2.545	0	35078144	461368511	464105341	461927005	1	local_cpu	RSS sums sampled process tree at 0.2 s; disk sampled at 1 s; short peaks may be missed	17564618752
preprocess_integrin_5	'C:\Users\User\Documents\Structural_Biology\aptamer_selex_generative_design_pipeline\.venv\Scripts\python.exe' 'C:\Users\User\Documents\Structural_Biology\aptamer_selex_generative_design_pipeline\scripts\05_preprocess_selex.py' --input 'C:\Users\User\Documents\Structural_Biology\aptamer_selex_generative_design_pipeline\data\raw\DRR201872.fastq.gz' --target integrin --round 5	2026-10-03T13:13:39.413133+00:00	2026-10-03T13:13:41.552780+00:00	2.140	0	34258944	461424046	461672366	461672366	1	local_cpu	RSS sums sampled process tree at 0.2 s; disk sampled at 1 s; short peaks may be missed	17567129600
preprocess_integrin_6	'C:\Users\User\Documents\Structural_Biology\aptamer_selex_generative_design_pipeline\.venv\Scripts\python.exe' 'C:\Users\User\Documents\Structural_Biology\aptamer_selex_generative_design_pipeline\scripts\05_preprocess_selex.py' --input 'C:\Users\User\Documents\Structural_Biology\aptamer_selex_generative_design_pipeline\data\raw\DRR201873.fastq.gz' --target integrin --round 6	2026-10-03T13:14:07.040586+00:00	2026-10-03T13:14:08.307204+00:00	1.267	0	33157120	459084144	459188470	459188470	1	local_cpu	RSS sums sampled process tree at 0.2 s; disk sampled at 1 s; short peaks may be missed	17569738752
preprocess_tg2_0	'C:\Users\User\Documents\Structural_Biology\aptamer_selex_generative_design_pipeline\.venv\Scripts\python.exe' 'C:\Users\User\Documents\Structural_Biology\aptamer_selex_generative_design_pipeline\scripts\05_preprocess_selex.py' --input 'C:\Users\User\Documents\Structural_Biology\aptamer_selex_generative_design_pipeline\data\raw\DRR201861.fastq.gz' --target tg2 --round 0	2026-10-03T13:14:42.782972+00:00	2026-10-03T13:15:22.134649+00:00	39.352	0	35315712	463554727	469200935	464622068	1	local_cpu	RSS sums sampled process tree at 0.2 s; disk sampled at 1 s; short peaks may be missed	17559769088
preprocess_tg2_1	'C:\Users\User\Documents\Structural_Biology\aptamer_selex_generative_design_pipeline\.venv\Scripts\python.exe' 'C:\Users\User\Documents\Structural_Biology\aptamer_selex_generative_design_pipeline\scripts\05_preprocess_selex.py' --input 'C:\Users\User\Documents\Structural_Biology\aptamer_selex_generative_design_pipeline\data\raw\DRR201862.fastq.gz' --target tg2 --round 1	2026-10-03T13:15:50.228961+00:00	2026-10-03T13:16:01.304388+00:00	11.075	0	35545088	460855197	464082469	461536465	1	local_cpu	RSS sums sampled process tree at 0.2 s; disk sampled at 1 s; short peaks may be missed	17564557312
preprocess_tg2_2	'C:\Users\User\Documents\Structural_Biology\aptamer_selex_generative_design_pipeline\.venv\Scripts\python.exe' 'C:\Users\User\Documents\Structural_Biology\aptamer_selex_generative_design_pipeline\scripts\05_preprocess_selex.py' --input 'C:\Users\User\Documents\Structural_Biology\aptamer_selex_generative_design_pipeline\data\raw\DRR201863.fastq.gz' --target tg2 --round 2	2026-10-03T13:16:25.845303+00:00	2026-10-03T13:16:27.530524+00:00	1.685	0	34566144	458830053	459179248	459179248	1	local_cpu	RSS sums sampled process tree at 0.2 s; disk sampled at 1 s; short peaks may be missed	17569902592
preprocess_tg2_3	'C:\Users\User\Documents\Structural_Biology\aptamer_selex_generative_design_pipeline\.venv\Scripts\python.exe' 'C:\Users\User\Documents\Structural_Biology\aptamer_selex_generative_design_pipeline\scripts\05_preprocess_selex.py' --input 'C:\Users\User\Documents\Structural_Biology\aptamer_selex_generative_design_pipeline\data\raw\DRR201864.fastq.gz' --target tg2 --round 3	2026-10-03T13:16:47.734875+00:00	2026-10-03T13:16:50.946242+00:00	3.211	0	35573760	461904182	465122651	462583179	1	local_cpu	RSS sums sampled process tree at 0.2 s; disk sampled at 1 s; short peaks may be missed	17562071040
preprocess_tg2_4	'C:\Users\User\Documents\Structural_Biology\aptamer_selex_generative_design_pipeline\.venv\Scripts\python.exe' 'C:\Users\User\Documents\Structural_Biology\aptamer_selex_generative_design_pipeline\scripts\05_preprocess_selex.py' --input 'C:\Users\User\Documents\Structural_Biology\aptamer_selex_generative_design_pipeline\data\raw\DRR201865.fastq.gz' --target tg2 --round 4	2026-10-03T13:17:02.025560+00:00	2026-10-03T13:17:04.260105+00:00	2.235	0	35434496	461923696	462390457	462390457	1	local_cpu	RSS sums sampled process tree at 0.2 s; disk sampled at 1 s; short peaks may be missed	17566900224
preprocess_tg2_5	'C:\Users\User\Documents\Structural_Biology\aptamer_selex_generative_design_pipeline\.venv\Scripts\python.exe' 'C:\Users\User\Documents\Structural_Biology\aptamer_selex_generative_design_pipeline\scripts\05_preprocess_selex.py' --input 'C:\Users\User\Documents\Structural_Biology\aptamer_selex_generative_design_pipeline\data\raw\DRR201866.fastq.gz' --target tg2 --round 5	2026-10-03T13:17:28.406183+00:00	2026-10-03T13:17:30.604595+00:00	2.198	0	34136064	463763387	464016316	464016316	1	local_cpu	RSS sums sampled process tree at 0.2 s; disk sampled at 1 s; short peaks may be missed	17559932928
preprocess_tg2_6	'C:\Users\User\Documents\Structural_Biology\aptamer_selex_generative_design_pipeline\.venv\Scripts\python.exe' 'C:\Users\User\Documents\Structural_Biology\aptamer_selex_generative_design_pipeline\scripts\05_preprocess_selex.py' --input 'C:\Users\User\Documents\Structural_Biology\aptamer_selex_generative_design_pipeline\data\raw\DRR201867.fastq.gz' --target tg2 --round 6	2026-10-03T13:17:42.324283+00:00	2026-10-03T13:17:43.831745+00:00	1.507	0	32645120	463159559	463253212	463253212	1	local_cpu	RSS sums sampled process tree at 0.2 s; disk sampled at 1 s; short peaks may be missed; RSS sampling errors=memory:NoSuchProcess	17554276352
preprocess_tg2_7	'C:\Users\User\Documents\Structural_Biology\aptamer_selex_generative_design_pipeline\.venv\Scripts\python.exe' 'C:\Users\User\Documents\Structural_Biology\aptamer_selex_generative_design_pipeline\scripts\05_preprocess_selex.py' --input 'C:\Users\User\Documents\Structural_Biology\aptamer_selex_generative_design_pipeline\data\raw\DRR201868.fastq.gz' --target tg2 --round 7	2026-10-03T13:17:52.353282+00:00	2026-10-03T13:17:53.499611+00:00	1.146	0	31981568	460620828	460694556	460657118	1	local_cpu	RSS sums sampled process tree at 0.2 s; disk sampled at 1 s; short peaks may be missed	17554038784
preprocess_tg2_8	'C:\Users\User\Documents\Structural_Biology\aptamer_selex_generative_design_pipeline\.venv\Scripts\python.exe' 'C:\Users\User\Documents\Structural_Biology\aptamer_selex_generative_design_pipeline\scripts\05_preprocess_selex.py' --input 'C:\Users\User\Documents\Structural_Biology\aptamer_selex_generative_design_pipeline\data\raw\DRR201869.fastq.gz' --target tg2 --round 8	2026-10-03T13:18:06.621236+00:00	2026-10-03T13:18:07.885139+00:00	1.264	0	32337920	463739305	463788457	463779779	1	local_cpu	RSS sums sampled process tree at 0.2 s; disk sampled at 1 s; short peaks may be missed	17550893056
fetch	C:/Users/User/Documents/Structural_Biology/aptamer_selex_generative_design_pipeline/.venv/Scripts/python.exe scripts/fetch_selex.py	2026-10-03T13:11:07.177662+00:00	2026-10-03T13:18:10.387126+00:00	423.209	0	102821888	452215010	469200935	458078077	1	local_cpu	RSS sums sampled process tree at 0.2 s; disk sampled at 1 s; short peaks may be missed	17539297280
sources	C:/Users/User/Documents/Structural_Biology/aptamer_selex_generative_design_pipeline/.venv/Scripts/python.exe scripts/01_verify_sources.py --offline	2026-10-03T13:19:24.050959+00:00	2026-10-03T13:19:25.591404+00:00	1.540	0	35012608	458086242	458241156	458241156	1	local_cpu	RSS sums sampled process tree at 0.2 s; disk sampled at 1 s; short peaks may be missed	17557762048
splits	C:/Users/User/Documents/Structural_Biology/aptamer_selex_generative_design_pipeline/.venv/Scripts/python.exe scripts/07_build_splits.py	2026-10-03T13:19:26.017465+00:00	2026-10-03T13:19:50.115501+00:00	24.098	0	78409728	458241536	465826212	465826212	1	local_cpu	RSS sums sampled process tree at 0.2 s; disk sampled at 1 s; short peaks may be missed	17556758528
inspect_raptgen	C:/Users/User/Documents/Structural_Biology/aptamer_selex_generative_design_pipeline/.venv/Scripts/python.exe scripts/inspect_raptgen.py	2026-10-03T13:20:41.724274+00:00	2026-10-03T13:20:43.228592+00:00	1.504	0	34004992	465838433	465916281	465916281	1	local_cpu	RSS sums sampled process tree at 0.2 s; disk sampled at 1 s; short peaks may be missed	17546891264
baselines	C:/Users/User/Documents/Structural_Biology/aptamer_selex_generative_design_pipeline/.venv/Scripts/python.exe scripts/08_baselines.py	2026-10-03T13:19:50.573878+00:00	2026-10-03T13:21:02.597742+00:00	72.024	0	193359872	465826580	466154576	466154576	1	local_cpu	RSS sums sampled process tree at 0.2 s; disk sampled at 1 s; short peaks may be missed	17546682368
secondary	C:/Users/User/Documents/Structural_Biology/aptamer_selex_generative_design_pipeline/.venv/Scripts/python.exe scripts/09_secondary_structure.py	2026-10-03T13:21:03.064981+00:00	2026-10-03T13:22:18.927358+00:00	75.862	0	43761664	466154945	467569445	467569445	1	local_cpu	RSS sums sampled process tree at 0.2 s; disk sampled at 1 s; short peaks may be missed	17544294400
ablation	C:/Users/User/Documents/Structural_Biology/aptamer_selex_generative_design_pipeline/.venv/Scripts/python.exe scripts/13_structure_ablation.py	2026-10-03T13:22:19.411005+00:00	2026-10-03T13:23:07.740006+00:00	48.329	0	200122368	467569823	467661674	467661674	1	local_cpu	RSS sums sampled process tree at 0.2 s; disk sampled at 1 s; short peaks may be missed	17542647808
candidates	C:/Users/User/Documents/Structural_Biology/aptamer_selex_generative_design_pipeline/.venv/Scripts/python.exe scripts/12_score_candidates.py	2026-10-03T13:23:08.168770+00:00	2026-10-03T13:25:22.510503+00:00	134.342	0	138387456	467662051	474137885	474137885	1	local_cpu	RSS sums sampled process tree at 0.2 s; disk sampled at 1 s; short peaks may be missed	17535733760
evaluation	C:/Users/User/Documents/Structural_Biology/aptamer_selex_generative_design_pipeline/.venv/Scripts/python.exe scripts/15_evaluate.py	2026-10-03T13:25:22.940799+00:00	2026-10-03T13:36:25.751969+00:00	662.811	0	125800448	474138263	474272615	474272615	1	local_cpu	RSS sums sampled process tree at 0.2 s; disk sampled at 1 s; short peaks may be missed	17495072768
tertiary	C:/Users/User/Documents/Structural_Biology/aptamer_selex_generative_design_pipeline/.venv/Scripts/python.exe scripts/14_optional_tertiary.py	2026-10-03T13:36:26.265880+00:00	2026-10-03T13:36:27.226847+00:00	0.961	0	6176768	474273382	474273675	474273675	1	local_cpu	RSS sums sampled process tree at 0.2 s; disk sampled at 1 s; short peaks may be missed	17507868672
tests	C:/Users/User/Documents/Structural_Biology/aptamer_selex_generative_design_pipeline/.venv/Scripts/python.exe -m pytest -q	2026-10-03T13:39:01.926570+00:00	2026-10-03T13:39:05.781287+00:00	3.855	1	139325440	474277124	474404361	474404361	1	local_cpu	RSS sums sampled process tree at 0.2 s; disk sampled at 1 s; short peaks may be missed	17508581376
tests	C:/Users/User/Documents/Structural_Biology/aptamer_selex_generative_design_pipeline/.venv/Scripts/python.exe -m pytest -q	2026-10-03T13:41:36.123023+00:00	2026-10-03T13:41:38.713698+00:00	2.591	0	138588160	474405682	474405706	474405634	1	local_cpu	RSS sums sampled process tree at 0.2 s; disk sampled at 1 s; short peaks may be missed	17509117952
resolve	C:/Users/User/Documents/Structural_Biology/aptamer_selex_generative_design_pipeline/.venv/Scripts/python.exe scripts/resolve_config.py	2026-10-03T13:41:39.114050+00:00	2026-10-03T13:41:40.035390+00:00	0.921	0	6135808	474405987	474407854	474407854	1	local_cpu	RSS sums sampled process tree at 0.2 s; disk sampled at 1 s; short peaks may be missed	17509085184
splits	C:/Users/User/Documents/Structural_Biology/aptamer_selex_generative_design_pipeline/.venv/Scripts/python.exe scripts/07_build_splits.py	2026-10-03T13:41:40.770108+00:00	2026-10-03T13:42:07.446430+00:00	26.676	0	79609856	474408220	478410101	478410101	1	local_cpu	RSS sums sampled process tree at 0.2 s; disk sampled at 1 s; short peaks may be missed	17506902016
baselines	C:/Users/User/Documents/Structural_Biology/aptamer_selex_generative_design_pipeline/.venv/Scripts/python.exe scripts/08_baselines.py	2026-10-03T13:42:07.912106+00:00	2026-10-03T13:43:33.176390+00:00	85.264	0	206049280	478410469	478540163	478540163	1	local_cpu	RSS sums sampled process tree at 0.2 s; disk sampled at 1 s; short peaks may be missed	17502285824
secondary	C:/Users/User/Documents/Structural_Biology/aptamer_selex_generative_design_pipeline/.venv/Scripts/python.exe scripts/09_secondary_structure.py	2026-10-03T13:43:33.673861+00:00	2026-10-03T13:44:56.782168+00:00	83.108	0	43986944	478540532	478542694	478542694	1	local_cpu	RSS sums sampled process tree at 0.2 s; disk sampled at 1 s; short peaks may be missed	17502146560
ablation	C:/Users/User/Documents/Structural_Biology/aptamer_selex_generative_design_pipeline/.venv/Scripts/python.exe scripts/13_structure_ablation.py	2026-10-03T13:44:57.210329+00:00	2026-10-03T13:45:21.888492+00:00	24.678	0	212340736	478543072	478602668	478602668	1	local_cpu	RSS sums sampled process tree at 0.2 s; disk sampled at 1 s; short peaks may be missed	17503879168
candidates	C:/Users/User/Documents/Structural_Biology/aptamer_selex_generative_design_pipeline/.venv/Scripts/python.exe scripts/12_score_candidates.py	2026-10-03T13:45:22.257696+00:00	2026-10-03T13:46:31.136749+00:00	68.879	0	145915904	478603045	478821608	478821608	1	local_cpu	RSS sums sampled process tree at 0.2 s; disk sampled at 1 s; short peaks may be missed	17502625792
evaluation	C:/Users/User/Documents/Structural_Biology/aptamer_selex_generative_design_pipeline/.venv/Scripts/python.exe scripts/15_evaluate.py	2026-10-03T13:46:31.638674+00:00	2026-10-03T13:48:50.798170+00:00	139.160	0	132431872	478821985	478869213	478869213	1	local_cpu	RSS sums sampled process tree at 0.2 s; disk sampled at 1 s; short peaks may be missed	17501663232
gpu_jobs	C:/Users/User/Documents/Structural_Biology/aptamer_selex_generative_design_pipeline/.venv/Scripts/python.exe scripts/10_prepare_gpu_jobs.py	2026-10-03T13:48:51.235889+00:00	2026-10-03T13:48:52.800119+00:00	1.564	0	63246336	478869583	479858011	479858011	1	local_cpu	RSS sums sampled process tree at 0.2 s; disk sampled at 1 s; short peaks may be missed	17501138944
figures	C:/Users/User/Documents/Structural_Biology/aptamer_selex_generative_design_pipeline/.venv/Scripts/python.exe scripts/16_figures.py	2026-10-03T13:48:53.257729+00:00	2026-10-03T13:48:54.172671+00:00	0.915	1	6135808	479858384	479858384	479858384	1	local_cpu	RSS sums sampled process tree at 0.2 s; disk sampled at 1 s; short peaks may be missed	17500049408
software	C:/Users/User/Documents/Structural_Biology/aptamer_selex_generative_design_pipeline/.venv/Scripts/python.exe scripts/software_versions.py	2026-10-03T13:55:40.551103+00:00	2026-10-03T13:55:42.572936+00:00	2.022	0	81985536	479891906	479891906	479758918	1	local_cpu	RSS sums sampled process tree at 0.2 s; disk sampled at 1 s; short peaks may be missed	17502044160
sources	C:/Users/User/Documents/Structural_Biology/aptamer_selex_generative_design_pipeline/.venv/Scripts/python.exe scripts/01_verify_sources.py --offline	2026-10-03T13:55:43.040689+00:00	2026-10-03T13:55:45.054821+00:00	2.014	0	34435072	479759289	479759289	479630783	1	local_cpu	RSS sums sampled process tree at 0.2 s; disk sampled at 1 s; short peaks may be missed	17502175232
tertiary	C:/Users/User/Documents/Structural_Biology/aptamer_selex_generative_design_pipeline/.venv/Scripts/python.exe scripts/14_optional_tertiary.py	2026-10-03T13:55:45.499415+00:00	2026-10-03T13:55:46.417372+00:00	0.918	0	6135808	479631163	479631163	479631163	1	local_cpu	RSS sums sampled process tree at 0.2 s; disk sampled at 1 s; short peaks may be missed	17502306304
generation_qc	C:/Users/User/Documents/Structural_Biology/aptamer_selex_generative_design_pipeline/.venv/Scripts/python.exe scripts/generation_qc.py	2026-10-03T13:55:46.863632+00:00	2026-10-03T13:55:48.222353+00:00	1.359	0	34299904	479631536	479636930	479636930	1	local_cpu	RSS sums sampled process tree at 0.2 s; disk sampled at 1 s; short peaks may be missed	17502236672
figures	C:/Users/User/Documents/Structural_Biology/aptamer_selex_generative_design_pipeline/.venv/Scripts/python.exe scripts/16_figures.py	2026-10-03T13:55:48.688206+00:00	2026-10-03T13:56:05.726283+00:00	17.038	0	218030080	479637302	480593104	480593104	1	local_cpu	RSS sums sampled process tree at 0.2 s; disk sampled at 1 s; short peaks may be missed	17501261824
report	C:/Users/User/Documents/Structural_Biology/aptamer_selex_generative_design_pipeline/.venv/Scripts/python.exe scripts/write_report.py	2026-10-03T13:56:06.201380+00:00	2026-10-03T13:56:07.160908+00:00	0.960	0	6131712	480593469	480735212	480735212	1	local_cpu	RSS sums sampled process tree at 0.2 s; disk sampled at 1 s; short peaks may be missed	17384529920
software	C:/Users/User/Documents/Structural_Biology/aptamer_selex_generative_design_pipeline/.venv/Scripts/python.exe scripts/software_versions.py	2026-10-03T14:20:07.744843+00:00	2026-10-03T14:20:10.158344+00:00	2.413	0	70823936	480939965	480942765	480942765	1	local_cpu	RSS sums sampled process tree at 0.2 s; disk sampled at 1 s; short peaks may be missed	19012243456
configure	C:/Users/User/Documents/Structural_Biology/aptamer_selex_generative_design_pipeline/.venv/Scripts/python.exe scripts/configure.py --yes	2026-10-03T14:20:10.742565+00:00	2026-10-03T14:20:12.051175+00:00	1.309	0	30408704	480943136	480943136	480943136	1	local_cpu	RSS sums sampled process tree at 0.2 s; disk sampled at 1 s; short peaks may be missed	19012235264
resolve	C:/Users/User/Documents/Structural_Biology/aptamer_selex_generative_design_pipeline/.venv/Scripts/python.exe scripts/resolve_config.py	2026-10-03T14:20:12.495703+00:00	2026-10-03T14:20:13.399090+00:00	0.903	0	6139904	480943506	480945181	480945181	1	local_cpu	RSS sums sampled process tree at 0.2 s; disk sampled at 1 s; short peaks may be missed	19012235264
bootstrap_sources	C:/Users/User/Documents/Structural_Biology/aptamer_selex_generative_design_pipeline/.venv/Scripts/python.exe scripts/bootstrap_sources.py	2026-10-03T14:20:13.821032+00:00	2026-10-03T14:20:14.721946+00:00	0.901	0	6139904	480945547	480945547	480945547	1	local_cpu	RSS sums sampled process tree at 0.2 s; disk sampled at 1 s; short peaks may be missed	19012218880
references	C:/Users/User/Documents/Structural_Biology/aptamer_selex_generative_design_pipeline/.venv/Scripts/python.exe scripts/acquire_reference_inputs.py --part packages	2026-10-03T14:20:15.188556+00:00	2026-10-03T14:20:16.289976+00:00	1.101	0	53637120	480945926	480945926	480945926	1	local_cpu	RSS sums sampled process tree at 0.2 s; disk sampled at 1 s; short peaks may be missed	19012218880
references	C:/Users/User/Documents/Structural_Biology/aptamer_selex_generative_design_pipeline/.venv/Scripts/python.exe scripts/acquire_reference_inputs.py --part metadata	2026-10-03T14:20:16.825173+00:00	2026-10-03T14:20:17.724480+00:00	0.899	0	6144000	480946322	480946322	480946322	1	local_cpu	RSS sums sampled process tree at 0.2 s; disk sampled at 1 s; short peaks may be missed	19012153344
references	C:/Users/User/Documents/Structural_Biology/aptamer_selex_generative_design_pipeline/.venv/Scripts/python.exe scripts/acquire_reference_inputs.py --part upstream	2026-10-03T14:20:18.246727+00:00	2026-10-03T14:20:19.148323+00:00	0.902	0	6144000	480946717	480946717	480946717	1	local_cpu	RSS sums sampled process tree at 0.2 s; disk sampled at 1 s; short peaks may be missed	19012153344
references	C:/Users/User/Documents/Structural_Biology/aptamer_selex_generative_design_pipeline/.venv/Scripts/python.exe scripts/acquire_reference_inputs.py --part supplement	2026-10-03T14:20:19.652701+00:00	2026-10-03T14:20:20.547948+00:00	0.895	0	6148096	480947112	480947112	480947112	1	local_cpu	RSS sums sampled process tree at 0.2 s; disk sampled at 1 s; short peaks may be missed	19012153344
sources	C:/Users/User/Documents/Structural_Biology/aptamer_selex_generative_design_pipeline/.venv/Scripts/python.exe scripts/01_verify_sources.py --offline	2026-10-03T14:20:20.919428+00:00	2026-10-03T14:20:22.882772+00:00	1.963	0	36651008	480947509	480947760	480947760	1	local_cpu	RSS sums sampled process tree at 0.2 s; disk sampled at 1 s; short peaks may be missed	19012210688
metadata	C:/Users/User/Documents/Structural_Biology/aptamer_selex_generative_design_pipeline/.venv/Scripts/python.exe scripts/03_fetch_metadata.py	2026-10-03T14:20:23.303331+00:00	2026-10-03T14:20:24.227489+00:00	0.924	0	6139904	480948140	480948140	480948140	1	local_cpu	RSS sums sampled process tree at 0.2 s; disk sampled at 1 s; short peaks may be missed	19012276224
fetch	C:/Users/User/Documents/Structural_Biology/aptamer_selex_generative_design_pipeline/.venv/Scripts/python.exe scripts/fetch_selex.py --target all	2026-10-03T14:20:24.724179+00:00	2026-10-03T14:20:25.627205+00:00	0.903	0	6144000	480948510	480948510	480948510	1	local_cpu	RSS sums sampled process tree at 0.2 s; disk sampled at 1 s; short peaks may be missed	19011588096
ground_truth	C:/Users/User/Documents/Structural_Biology/aptamer_selex_generative_design_pipeline/.venv/Scripts/python.exe scripts/06_build_ground_truth.py	2026-10-03T14:20:26.012531+00:00	2026-10-03T14:20:28.407774+00:00	2.395	0	53075968	480948884	480951505	480951505	1	local_cpu	RSS sums sampled process tree at 0.2 s; disk sampled at 1 s; short peaks may be missed	19011588096
splits	C:/Users/User/Documents/Structural_Biology/aptamer_selex_generative_design_pipeline/.venv/Scripts/python.exe scripts/07_build_splits.py	2026-10-03T14:20:28.782330+00:00	2026-10-03T14:20:38.292439+00:00	9.510	0	79626240	480951884	481935015	480952607	1	local_cpu	RSS sums sampled process tree at 0.2 s; disk sampled at 1 s; short peaks may be missed	19010408448
baselines	C:/Users/User/Documents/Structural_Biology/aptamer_selex_generative_design_pipeline/.venv/Scripts/python.exe scripts/08_baselines.py	2026-10-03T14:20:38.669186+00:00	2026-10-03T14:21:03.586983+00:00	24.918	0	205045760	480952974	480953658	480953658	1	local_cpu	RSS sums sampled process tree at 0.2 s; disk sampled at 1 s; short peaks may be missed	19011375104
secondary	C:/Users/User/Documents/Structural_Biology/aptamer_selex_generative_design_pipeline/.venv/Scripts/python.exe scripts/09_secondary_structure.py	2026-10-03T14:21:03.978232+00:00	2026-10-03T14:21:33.940362+00:00	29.962	0	44023808	480954027	480954283	480954283	1	local_cpu	RSS sums sampled process tree at 0.2 s; disk sampled at 1 s; short peaks may be missed	19011063808
gpu_jobs	C:/Users/User/Documents/Structural_Biology/aptamer_selex_generative_design_pipeline/.venv/Scripts/python.exe scripts/10_prepare_gpu_jobs.py	2026-10-03T14:21:34.372818+00:00	2026-10-03T14:21:35.953664+00:00	1.581	0	63045632	480954661	480954661	480954661	1	local_cpu	RSS sums sampled process tree at 0.2 s; disk sampled at 1 s; short peaks may be missed	19010904064
ablation	C:/Users/User/Documents/Structural_Biology/aptamer_selex_generative_design_pipeline/.venv/Scripts/python.exe scripts/13_structure_ablation.py	2026-10-03T14:21:36.382794+00:00	2026-10-03T14:22:01.902390+00:00	25.520	0	211431424	480955034	480972943	480972943	1	local_cpu	RSS sums sampled process tree at 0.2 s; disk sampled at 1 s; short peaks may be missed	19010674688
candidates	C:/Users/User/Documents/Structural_Biology/aptamer_selex_generative_design_pipeline/.venv/Scripts/python.exe scripts/12_score_candidates.py	2026-10-03T14:22:02.330454+00:00	2026-10-03T14:22:50.846067+00:00	48.516	0	145911808	480973320	481134004	481050364	1	local_cpu	RSS sums sampled process tree at 0.2 s; disk sampled at 1 s; short peaks may be missed	18999083008
tertiary	C:/Users/User/Documents/Structural_Biology/aptamer_selex_generative_design_pipeline/.venv/Scripts/python.exe scripts/14_optional_tertiary.py	2026-10-03T14:22:51.303671+00:00	2026-10-03T14:22:52.223809+00:00	0.920	0	6139904	481050741	481050741	481050741	1	local_cpu	RSS sums sampled process tree at 0.2 s; disk sampled at 1 s; short peaks may be missed	19010240512
evaluation	C:/Users/User/Documents/Structural_Biology/aptamer_selex_generative_design_pipeline/.venv/Scripts/python.exe scripts/15_evaluate.py	2026-10-03T14:22:52.606838+00:00	2026-10-03T14:23:18.012916+00:00	25.406	0	131330048	481051114	481052970	481052970	1	local_cpu	RSS sums sampled process tree at 0.2 s; disk sampled at 1 s; short peaks may be missed	19010232320
tests	C:/Users/User/Documents/Structural_Biology/aptamer_selex_generative_design_pipeline/.venv/Scripts/python.exe -m pytest -q	2026-10-03T14:23:18.402789+00:00	2026-10-03T14:23:21.218606+00:00	2.816	0	138752000	481053339	481057054	481057054	1	local_cpu	RSS sums sampled process tree at 0.2 s; disk sampled at 1 s; short peaks may be missed	19009605632
figures	C:/Users/User/Documents/Structural_Biology/aptamer_selex_generative_design_pipeline/.venv/Scripts/python.exe scripts/16_figures.py	2026-10-03T14:23:21.617218+00:00	2026-10-03T14:23:26.770026+00:00	5.153	0	232685568	481057407	481064907	481064907	1	local_cpu	RSS sums sampled process tree at 0.2 s; disk sampled at 1 s; short peaks may be missed	19009593344
report	C:/Users/User/Documents/Structural_Biology/aptamer_selex_generative_design_pipeline/.venv/Scripts/python.exe scripts/write_report.py	2026-10-03T14:23:27.142221+00:00	2026-10-03T14:23:28.053068+00:00	0.911	0	6139904	481065271	481070330	481070330	1	local_cpu	RSS sums sampled process tree at 0.2 s; disk sampled at 1 s; short peaks may be missed	19009593344
tests	C:/Users/User/Documents/Structural_Biology/aptamer_selex_generative_design_pipeline/.venv/Scripts/python.exe -m pytest -q --junitxml=logs/pytest.xml	2026-10-03T14:25:11.663525+00:00	2026-10-03T14:25:16.589308+00:00	4.926	1	133373952	481075653	481187062	481187062	1	local_cpu	RSS sums sampled process tree at 0.2 s; disk sampled at 1 s; short peaks may be missed	19008503808
tests	C:/Users/User/Documents/Structural_Biology/aptamer_selex_generative_design_pipeline/.venv/Scripts/python.exe -m pytest -q --junitxml=logs/pytest.xml	2026-10-03T14:27:54.873828+00:00	2026-10-03T14:28:18.501362+00:00	23.628	0	139395072	481188889	481204970	481084722	1	local_cpu	RSS sums sampled process tree at 0.2 s; disk sampled at 1 s; short peaks may be missed	19000881152
tests	C:/Users/User/Documents/Structural_Biology/aptamer_selex_generative_design_pipeline/.venv/Scripts/python.exe -m pytest -q --junitxml=logs/pytest.xml	2026-10-03T14:28:30.236069+00:00	2026-10-03T14:28:33.624469+00:00	3.388	0	137334784	481089925	481103859	481089923	1	local_cpu	RSS sums sampled process tree at 0.2 s; disk sampled at 1 s; short peaks may be missed	19000926208
configure	C:/Users/User/Documents/Structural_Biology/aptamer_selex_generative_design_pipeline/.venv/Scripts/python.exe scripts/configure.py --yes	2026-10-03T14:28:34.998093+00:00	2026-10-03T14:28:36.284186+00:00	1.286	0	29376512	481090303	481090390	481090390	1	local_cpu	RSS sums sampled process tree at 0.2 s; disk sampled at 1 s; short peaks may be missed	19000750080
resolve	C:/Users/User/Documents/Structural_Biology/aptamer_selex_generative_design_pipeline/.venv/Scripts/python.exe scripts/resolve_config.py	2026-10-03T14:28:36.722863+00:00	2026-10-03T14:28:37.610897+00:00	0.888	0	4100096	481090760	481090760	481090760	1	local_cpu	RSS sums sampled process tree at 0.2 s; disk sampled at 1 s; short peaks may be missed	19000750080
bootstrap_sources	C:/Users/User/Documents/Structural_Biology/aptamer_selex_generative_design_pipeline/.venv/Scripts/python.exe scripts/bootstrap_sources.py	2026-10-03T14:28:37.984849+00:00	2026-10-03T14:28:38.897986+00:00	0.913	0	4100096	481091126	481091126	481091126	1	local_cpu	RSS sums sampled process tree at 0.2 s; disk sampled at 1 s; short peaks may be missed	19000750080
references	C:/Users/User/Documents/Structural_Biology/aptamer_selex_generative_design_pipeline/.venv/Scripts/python.exe scripts/acquire_reference_inputs.py --part packages	2026-10-03T14:28:39.478832+00:00	2026-10-03T14:28:41.234196+00:00	1.755	0	33021952	481091505	481092094	481092094	1	local_cpu	RSS sums sampled process tree at 0.2 s; disk sampled at 1 s; short peaks may be missed	19000815616
references	C:/Users/User/Documents/Structural_Biology/aptamer_selex_generative_design_pipeline/.venv/Scripts/python.exe scripts/acquire_reference_inputs.py --part metadata	2026-10-03T14:28:41.740991+00:00	2026-10-03T14:28:42.629051+00:00	0.888	0	4083712	481092490	481092490	481092490	1	local_cpu	RSS sums sampled process tree at 0.2 s; disk sampled at 1 s; short peaks may be missed	19000741888
references	C:/Users/User/Documents/Structural_Biology/aptamer_selex_generative_design_pipeline/.venv/Scripts/python.exe scripts/acquire_reference_inputs.py --part upstream	2026-10-03T14:28:43.122975+00:00	2026-10-03T14:28:44.441762+00:00	1.319	0	28164096	481092885	481093182	481093182	1	local_cpu	RSS sums sampled process tree at 0.2 s; disk sampled at 1 s; short peaks may be missed	19000741888
references	C:/Users/User/Documents/Structural_Biology/aptamer_selex_generative_design_pipeline/.venv/Scripts/python.exe scripts/acquire_reference_inputs.py --part supplement	2026-10-03T14:28:44.944450+00:00	2026-10-03T14:28:45.818883+00:00	0.874	0	2760704	481093578	481093578	481093578	1	local_cpu	RSS sums sampled process tree at 0.2 s; disk sampled at 1 s; short peaks may be missed	19000741888
sources	C:/Users/User/Documents/Structural_Biology/aptamer_selex_generative_design_pipeline/.venv/Scripts/python.exe scripts/01_verify_sources.py --offline	2026-10-03T14:28:46.224726+00:00	2026-10-03T14:28:48.413069+00:00	2.188	0	35143680	481093975	481094104	481094104	1	local_cpu	RSS sums sampled process tree at 0.2 s; disk sampled at 1 s; short peaks may be missed	19000741888
metadata	C:/Users/User/Documents/Structural_Biology/aptamer_selex_generative_design_pipeline/.venv/Scripts/python.exe scripts/03_fetch_metadata.py	2026-10-03T14:28:48.817624+00:00	2026-10-03T14:28:49.925033+00:00	1.107	0	28393472	481094484	481094549	481094549	1	local_cpu	RSS sums sampled process tree at 0.2 s; disk sampled at 1 s; short peaks may be missed	19000672256
fetch	C:/Users/User/Documents/Structural_Biology/aptamer_selex_generative_design_pipeline/.venv/Scripts/python.exe scripts/fetch_selex.py --target all	2026-10-03T14:28:50.518595+00:00	2026-10-03T14:28:52.028455+00:00	1.510	0	27930624	481094920	481095798	481095798	1	local_cpu	RSS sums sampled process tree at 0.2 s; disk sampled at 1 s; short peaks may be missed; RSS sampling errors=memory:NoSuchProcess	19000672256
ground_truth	C:/Users/User/Documents/Structural_Biology/aptamer_selex_generative_design_pipeline/.venv/Scripts/python.exe scripts/06_build_ground_truth.py	2026-10-03T14:28:52.424223+00:00	2026-10-03T14:28:53.524893+00:00	1.101	0	27828224	481096215	481096257	481096257	1	local_cpu	RSS sums sampled process tree at 0.2 s; disk sampled at 1 s; short peaks may be missed	19000606720
splits	C:/Users/User/Documents/Structural_Biology/aptamer_selex_generative_design_pipeline/.venv/Scripts/python.exe scripts/07_build_splits.py	2026-10-03T14:28:53.930391+00:00	2026-10-03T14:28:55.060792+00:00	1.130	0	31772672	481096636	481096672	481096672	1	local_cpu	RSS sums sampled process tree at 0.2 s; disk sampled at 1 s; short peaks may be missed	19000606720
baselines	C:/Users/User/Documents/Structural_Biology/aptamer_selex_generative_design_pipeline/.venv/Scripts/python.exe scripts/08_baselines.py	2026-10-03T14:28:55.473390+00:00	2026-10-03T14:28:57.668494+00:00	2.195	0	119005184	481097039	481097078	481097078	1	local_cpu	RSS sums sampled process tree at 0.2 s; disk sampled at 1 s; short peaks may be missed	19000606720
secondary	C:/Users/User/Documents/Structural_Biology/aptamer_selex_generative_design_pipeline/.venv/Scripts/python.exe scripts/09_secondary_structure.py	2026-10-03T14:28:58.060610+00:00	2026-10-03T14:28:59.238823+00:00	1.178	0	6152192	481097446	481097485	481097485	1	local_cpu	RSS sums sampled process tree at 0.2 s; disk sampled at 1 s; short peaks may be missed; RSS sampling errors=memory:NoSuchProcess	19000606720
gpu_jobs	C:/Users/User/Documents/Structural_Biology/aptamer_selex_generative_design_pipeline/.venv/Scripts/python.exe scripts/10_prepare_gpu_jobs.py	2026-10-03T14:28:59.666782+00:00	2026-10-03T14:29:01.063173+00:00	1.396	0	62955520	481097903	481097991	481097991	1	local_cpu	RSS sums sampled process tree at 0.2 s; disk sampled at 1 s; short peaks may be missed	19000602624
ablation	C:/Users/User/Documents/Structural_Biology/aptamer_selex_generative_design_pipeline/.venv/Scripts/python.exe scripts/13_structure_ablation.py	2026-10-03T14:29:01.494847+00:00	2026-10-03T14:29:02.658118+00:00	1.163	0	20848640	481098364	481098402	481098402	1	local_cpu	RSS sums sampled process tree at 0.2 s; disk sampled at 1 s; short peaks may be missed	19000532992
candidates	C:/Users/User/Documents/Structural_Biology/aptamer_selex_generative_design_pipeline/.venv/Scripts/python.exe scripts/12_score_candidates.py	2026-10-03T14:29:03.131455+00:00	2026-10-03T14:29:05.118158+00:00	1.987	0	44376064	481098777	481098853	481098853	1	local_cpu	RSS sums sampled process tree at 0.2 s; disk sampled at 1 s; short peaks may be missed	19000270848
tertiary	C:/Users/User/Documents/Structural_Biology/aptamer_selex_generative_design_pipeline/.venv/Scripts/python.exe scripts/14_optional_tertiary.py	2026-10-03T14:29:05.532194+00:00	2026-10-03T14:29:06.526240+00:00	0.994	0	6152192	481099228	481099291	481099291	1	local_cpu	RSS sums sampled process tree at 0.2 s; disk sampled at 1 s; short peaks may be missed	19000270848
evaluation	C:/Users/User/Documents/Structural_Biology/aptamer_selex_generative_design_pipeline/.venv/Scripts/python.exe scripts/15_evaluate.py	2026-10-03T14:29:06.923734+00:00	2026-10-03T14:29:08.684686+00:00	1.761	0	107376640	481099664	481099704	481099704	1	local_cpu	RSS sums sampled process tree at 0.2 s; disk sampled at 1 s; short peaks may be missed	18999742464
tests	C:/Users/User/Documents/Structural_Biology/aptamer_selex_generative_design_pipeline/.venv/Scripts/python.exe -m pytest -q	2026-10-03T14:29:09.099254+00:00	2026-10-03T14:29:12.441227+00:00	3.342	0	137449472	481100072	481114047	481100173	1	local_cpu	RSS sums sampled process tree at 0.2 s; disk sampled at 1 s; short peaks may be missed	18999644160
figures	C:/Users/User/Documents/Structural_Biology/aptamer_selex_generative_design_pipeline/.venv/Scripts/python.exe scripts/16_figures.py	2026-10-03T14:29:12.889954+00:00	2026-10-03T14:29:19.395284+00:00	6.505	0	233213952	481100526	481107641	481107641	1	local_cpu	RSS sums sampled process tree at 0.2 s; disk sampled at 1 s; short peaks may be missed	18999533568
report	C:/Users/User/Documents/Structural_Biology/aptamer_selex_generative_design_pipeline/.venv/Scripts/python.exe scripts/write_report.py	2026-10-03T14:29:19.812359+00:00	2026-10-03T14:29:21.094010+00:00	1.282	0	35131392	481108005	481108070	481108070	1	local_cpu	RSS sums sampled process tree at 0.2 s; disk sampled at 1 s; short peaks may be missed	18999533568
configure	C:/Users/User/Documents/Structural_Biology/aptamer_selex_generative_design_pipeline/.venv/Scripts/python.exe scripts/configure.py --gpu-mode hosted --yes	2026-10-03T14:29:21.922065+00:00	2026-10-03T14:29:23.287894+00:00	1.366	0	29483008	481108516	481108605	481108605	1	local_cpu	RSS sums sampled process tree at 0.2 s; disk sampled at 1 s; short peaks may be missed	18999926784
resolve	C:/Users/User/Documents/Structural_Biology/aptamer_selex_generative_design_pipeline/.venv/Scripts/python.exe scripts/resolve_config.py	2026-10-03T14:29:23.746384+00:00	2026-10-03T14:29:24.659273+00:00	0.913	0	6152192	481108993	481108993	481108993	1	local_cpu	RSS sums sampled process tree at 0.2 s; disk sampled at 1 s; short peaks may be missed	18999926784
full_preflight	C:/Users/User/Documents/Structural_Biology/aptamer_selex_generative_design_pipeline/.venv/Scripts/python.exe scripts/full_preflight.py	2026-10-03T14:29:25.060537+00:00	2026-10-03T14:29:26.010591+00:00	0.950	1	6152192	481109359	481111707	481111707	1	local_cpu	RSS sums sampled process tree at 0.2 s; disk sampled at 1 s; short peaks may be missed	18999926784
clean_clone	C:/Users/User/Documents/Structural_Biology/aptamer_selex_generative_design_pipeline/.venv/Scripts/python.exe scripts/clean_clone.py	2026-10-03T14:29:26.418070+00:00	2026-10-03T14:29:27.546398+00:00	1.128	1	55226368	481112388	481112388	481112388	1	local_cpu	RSS sums sampled process tree at 0.2 s; disk sampled at 1 s; short peaks may be missed	18999918592
clean_clone	C:/Users/User/Documents/Structural_Biology/aptamer_selex_generative_design_pipeline/.venv/Scripts/python.exe scripts/clean_clone.py	2026-10-03T14:30:44.996972+00:00	2026-10-03T14:30:49.980277+00:00	4.983	0	210132992	481116397	481663355	481116567	1	local_cpu	RSS sums sampled process tree at 0.2 s; disk sampled at 1 s; short peaks may be missed	18996494336
report	C:/Users/User/Documents/Structural_Biology/aptamer_selex_generative_design_pipeline/.venv/Scripts/python.exe scripts/write_report.py	2026-10-03T14:34:14.061091+00:00	2026-10-03T14:34:14.952349+00:00	0.891	0	6135808	481120479	481170272	481170272	1	local_cpu	RSS sums sampled process tree at 0.2 s; disk sampled at 1 s; short peaks may be missed	18997813248
tests	C:/Users/User/Documents/Structural_Biology/aptamer_selex_generative_design_pipeline/.venv/Scripts/python.exe -m pytest -q --junitxml=logs/pytest.xml	2026-10-03T14:36:49.056410+00:00	2026-10-03T14:36:51.874115+00:00	2.818	0	138268672	483207687	483221621	483207687	1	local_cpu	RSS sums sampled process tree at 0.2 s; disk sampled at 1 s; short peaks may be missed	18952040448
configure	C:/Users/User/Documents/Structural_Biology/aptamer_selex_generative_design_pipeline/.venv/Scripts/python.exe scripts/configure.py --yes	2026-10-03T14:36:53.015131+00:00	2026-10-03T14:36:54.358380+00:00	1.343	0	29061120	483205263	483205348	483205348	1	local_cpu	RSS sums sampled process tree at 0.2 s; disk sampled at 1 s; short peaks may be missed	18953383936
resolve	C:/Users/User/Documents/Structural_Biology/aptamer_selex_generative_design_pipeline/.venv/Scripts/python.exe scripts/resolve_config.py	2026-10-03T14:36:54.831432+00:00	2026-10-03T14:36:55.733723+00:00	0.902	0	4100096	483205718	483205718	483205718	1	local_cpu	RSS sums sampled process tree at 0.2 s; disk sampled at 1 s; short peaks may be missed	18953080832
bootstrap_sources	C:/Users/User/Documents/Structural_Biology/aptamer_selex_generative_design_pipeline/.venv/Scripts/python.exe scripts/bootstrap_sources.py	2026-10-03T14:36:56.152421+00:00	2026-10-03T14:36:57.062126+00:00	0.910	0	4096000	483206084	483206084	483206084	1	local_cpu	RSS sums sampled process tree at 0.2 s; disk sampled at 1 s; short peaks may be missed	18953121792
references	C:/Users/User/Documents/Structural_Biology/aptamer_selex_generative_design_pipeline/.venv/Scripts/python.exe scripts/acquire_reference_inputs.py --part packages	2026-10-03T14:36:57.591431+00:00	2026-10-03T14:36:58.698986+00:00	1.108	0	63496192	483206463	483207052	483207052	1	local_cpu	RSS sums sampled process tree at 0.2 s; disk sampled at 1 s; short peaks may be missed	18953117696
references	C:/Users/User/Documents/Structural_Biology/aptamer_selex_generative_design_pipeline/.venv/Scripts/python.exe scripts/acquire_reference_inputs.py --part metadata	2026-10-03T14:36:59.240045+00:00	2026-10-03T14:37:00.141895+00:00	0.902	0	6135808	483207448	483207448	483207448	1	local_cpu	RSS sums sampled process tree at 0.2 s; disk sampled at 1 s; short peaks may be missed	18953117696
references	C:/Users/User/Documents/Structural_Biology/aptamer_selex_generative_design_pipeline/.venv/Scripts/python.exe scripts/acquire_reference_inputs.py --part upstream	2026-10-03T14:37:00.648926+00:00	2026-10-03T14:37:01.547081+00:00	0.898	0	6135808	483207843	483208140	483208140	1	local_cpu	RSS sums sampled process tree at 0.2 s; disk sampled at 1 s; short peaks may be missed	18953117696
references	C:/Users/User/Documents/Structural_Biology/aptamer_selex_generative_design_pipeline/.venv/Scripts/python.exe scripts/acquire_reference_inputs.py --part supplement	2026-10-03T14:37:02.138035+00:00	2026-10-03T14:37:03.060340+00:00	0.922	0	4083712	483208535	483208535	483208535	1	local_cpu	RSS sums sampled process tree at 0.2 s; disk sampled at 1 s; short peaks may be missed	18953117696
sources	C:/Users/User/Documents/Structural_Biology/aptamer_selex_generative_design_pipeline/.venv/Scripts/python.exe scripts/01_verify_sources.py --offline	2026-10-03T14:37:03.523128+00:00	2026-10-03T14:37:04.444170+00:00	0.921	0	6148096	483208932	483208969	483208969	1	local_cpu	RSS sums sampled process tree at 0.2 s; disk sampled at 1 s; short peaks may be missed	18953379840
metadata	C:/Users/User/Documents/Structural_Biology/aptamer_selex_generative_design_pipeline/.venv/Scripts/python.exe scripts/03_fetch_metadata.py	2026-10-03T14:37:04.836819+00:00	2026-10-03T14:37:05.768191+00:00	0.931	0	6152192	483209348	483209413	483209413	1	local_cpu	RSS sums sampled process tree at 0.2 s; disk sampled at 1 s; short peaks may be missed	18953768960
fetch	C:/Users/User/Documents/Structural_Biology/aptamer_selex_generative_design_pipeline/.venv/Scripts/python.exe scripts/fetch_selex.py --target all	2026-10-03T14:37:06.328864+00:00	2026-10-03T14:37:07.249134+00:00	0.920	0	6135808	483209783	483210661	483210661	1	local_cpu	RSS sums sampled process tree at 0.2 s; disk sampled at 1 s; short peaks may be missed	18953244672
ground_truth	C:/Users/User/Documents/Structural_Biology/aptamer_selex_generative_design_pipeline/.venv/Scripts/python.exe scripts/06_build_ground_truth.py	2026-10-03T14:37:07.643037+00:00	2026-10-03T14:37:08.536401+00:00	0.893	0	6152192	483211035	483211077	483211077	1	local_cpu	RSS sums sampled process tree at 0.2 s; disk sampled at 1 s; short peaks may be missed	18953244672
splits	C:/Users/User/Documents/Structural_Biology/aptamer_selex_generative_design_pipeline/.venv/Scripts/python.exe scripts/07_build_splits.py	2026-10-03T14:37:08.928662+00:00	2026-10-03T14:37:09.816788+00:00	0.888	0	6152192	483211455	483211491	483211491	1	local_cpu	RSS sums sampled process tree at 0.2 s; disk sampled at 1 s; short peaks may be missed	18953179136
baselines	C:/Users/User/Documents/Structural_Biology/aptamer_selex_generative_design_pipeline/.venv/Scripts/python.exe scripts/08_baselines.py	2026-10-03T14:37:10.279916+00:00	2026-10-03T14:37:12.257811+00:00	1.978	0	109916160	483211857	483211896	483211896	1	local_cpu	RSS sums sampled process tree at 0.2 s; disk sampled at 1 s; short peaks may be missed; RSS sampling errors=memory:NoSuchProcess	18953179136
secondary	C:/Users/User/Documents/Structural_Biology/aptamer_selex_generative_design_pipeline/.venv/Scripts/python.exe scripts/09_secondary_structure.py	2026-10-03T14:37:12.680495+00:00	2026-10-03T14:37:13.611246+00:00	0.931	0	6148096	483212306	483212345	483212345	1	local_cpu	RSS sums sampled process tree at 0.2 s; disk sampled at 1 s; short peaks may be missed	18954100736
gpu_jobs	C:/Users/User/Documents/Structural_Biology/aptamer_selex_generative_design_pipeline/.venv/Scripts/python.exe scripts/10_prepare_gpu_jobs.py	2026-10-03T14:37:14.011964+00:00	2026-10-03T14:37:15.381761+00:00	1.370	0	63324160	483212721	483212809	483212809	1	local_cpu	RSS sums sampled process tree at 0.2 s; disk sampled at 1 s; short peaks may be missed	18954100736
ablation	C:/Users/User/Documents/Structural_Biology/aptamer_selex_generative_design_pipeline/.venv/Scripts/python.exe scripts/13_structure_ablation.py	2026-10-03T14:37:15.817358+00:00	2026-10-03T14:37:16.775403+00:00	0.958	0	6152192	483213182	483213220	483213220	1	local_cpu	RSS sums sampled process tree at 0.2 s; disk sampled at 1 s; short peaks may be missed	18954100736
candidates	C:/Users/User/Documents/Structural_Biology/aptamer_selex_generative_design_pipeline/.venv/Scripts/python.exe scripts/12_score_candidates.py	2026-10-03T14:37:17.204315+00:00	2026-10-03T14:37:18.568455+00:00	1.364	0	44486656	483213594	483213670	483213670	1	local_cpu	RSS sums sampled process tree at 0.2 s; disk sampled at 1 s; short peaks may be missed	18953445376
tertiary	C:/Users/User/Documents/Structural_Biology/aptamer_selex_generative_design_pipeline/.venv/Scripts/python.exe scripts/14_optional_tertiary.py	2026-10-03T14:37:19.096252+00:00	2026-10-03T14:37:20.024938+00:00	0.929	0	6152192	483214045	483214108	483214108	1	local_cpu	RSS sums sampled process tree at 0.2 s; disk sampled at 1 s; short peaks may be missed	18953445376
evaluation	C:/Users/User/Documents/Structural_Biology/aptamer_selex_generative_design_pipeline/.venv/Scripts/python.exe scripts/15_evaluate.py	2026-10-03T14:37:20.456787+00:00	2026-10-03T14:37:22.225444+00:00	1.769	0	110120960	483214481	483214521	483214521	1	local_cpu	RSS sums sampled process tree at 0.2 s; disk sampled at 1 s; short peaks may be missed	18953441280
tests	C:/Users/User/Documents/Structural_Biology/aptamer_selex_generative_design_pipeline/.venv/Scripts/python.exe -m pytest -q	2026-10-03T14:37:22.672648+00:00	2026-10-03T14:37:25.820528+00:00	3.148	0	138723328	483214889	483228864	483214990	1	local_cpu	RSS sums sampled process tree at 0.2 s; disk sampled at 1 s; short peaks may be missed	18952208384
figures	C:/Users/User/Documents/Structural_Biology/aptamer_selex_generative_design_pipeline/.venv/Scripts/python.exe scripts/16_figures.py	2026-10-03T14:37:26.331284+00:00	2026-10-03T14:37:31.754505+00:00	5.423	0	235388928	483215343	483223010	483223010	1	local_cpu	RSS sums sampled process tree at 0.2 s; disk sampled at 1 s; short peaks may be missed	18931286016
report	C:/Users/User/Documents/Structural_Biology/aptamer_selex_generative_design_pipeline/.venv/Scripts/python.exe scripts/write_report.py	2026-10-03T14:37:32.173092+00:00	2026-10-03T14:37:33.143278+00:00	0.970	0	6152192	483223374	483223429	483223429	1	local_cpu	RSS sums sampled process tree at 0.2 s; disk sampled at 1 s; short peaks may be missed	18910539776
configure	C:/Users/User/Documents/Structural_Biology/aptamer_selex_generative_design_pipeline/.venv/Scripts/python.exe scripts/configure.py --gpu-mode hosted --yes	2026-10-03T14:37:33.843680+00:00	2026-10-03T14:37:35.259979+00:00	1.416	0	29220864	483222291	483222380	483222380	1	local_cpu	RSS sums sampled process tree at 0.2 s; disk sampled at 1 s; short peaks may be missed	18860748800
resolve	C:/Users/User/Documents/Structural_Biology/aptamer_selex_generative_design_pipeline/.venv/Scripts/python.exe scripts/resolve_config.py	2026-10-03T14:37:35.781977+00:00	2026-10-03T14:37:36.764516+00:00	0.983	0	6156288	483222768	483222768	483222768	1	local_cpu	RSS sums sampled process tree at 0.2 s; disk sampled at 1 s; short peaks may be missed	18727211008
full_preflight	C:/Users/User/Documents/Structural_Biology/aptamer_selex_generative_design_pipeline/.venv/Scripts/python.exe scripts/full_preflight.py	2026-10-03T14:37:37.205881+00:00	2026-10-03T14:37:38.177719+00:00	0.972	1	6152192	483223134	483225482	483225482	1	local_cpu	RSS sums sampled process tree at 0.2 s; disk sampled at 1 s; short peaks may be missed	18636578816
clean_clone	C:/Users/User/Documents/Structural_Biology/aptamer_selex_generative_design_pipeline/.venv/Scripts/python.exe scripts/clean_clone.py	2026-10-03T14:37:38.707048+00:00	2026-10-03T14:37:44.733771+00:00	6.027	0	208642048	483226163	501440895	483226163	1	local_cpu	RSS sums sampled process tree at 0.2 s; disk sampled at 1 s; short peaks may be missed	18226720768
verification	C:/Users/User/Documents/Structural_Biology/aptamer_selex_generative_design_pipeline/.venv/Scripts/python.exe scripts/verify_repository.py --clean-clone-status passed	2026-10-03T14:37:45.204024+00:00	2026-10-03T14:37:51.509175+00:00	6.305	0	83116032	483226532	483232552	483232552	1	local_cpu	RSS sums sampled process tree at 0.2 s; disk sampled at 1 s; short peaks may be missed	18196213760
tests	C:/Users/User/Documents/Structural_Biology/aptamer_selex_generative_design_pipeline/.venv/Scripts/python.exe -m pytest -q --junitxml=logs/pytest.xml	2026-10-03T14:43:43.942127+00:00	2026-10-03T14:43:46.591542+00:00	2.649	0	138760192	483250763	483264697	483250763	1	local_cpu	RSS sums sampled process tree at 0.2 s; disk sampled at 1 s; short peaks may be missed	17672712192
configure	C:/Users/User/Documents/Structural_Biology/aptamer_selex_generative_design_pipeline/.venv/Scripts/python.exe scripts/configure.py --yes	2026-10-03T14:43:47.641882+00:00	2026-10-03T14:43:48.947928+00:00	1.306	0	29732864	483248377	483248462	483248462	1	local_cpu	RSS sums sampled process tree at 0.2 s; disk sampled at 1 s; short peaks may be missed	17672740864
resolve	C:/Users/User/Documents/Structural_Biology/aptamer_selex_generative_design_pipeline/.venv/Scripts/python.exe scripts/resolve_config.py	2026-10-03T14:43:49.416048+00:00	2026-10-03T14:43:50.321728+00:00	0.906	0	6152192	483248832	483248832	483248832	1	local_cpu	RSS sums sampled process tree at 0.2 s; disk sampled at 1 s; short peaks may be missed	17672654848
bootstrap_sources	C:/Users/User/Documents/Structural_Biology/aptamer_selex_generative_design_pipeline/.venv/Scripts/python.exe scripts/bootstrap_sources.py	2026-10-03T14:43:50.729418+00:00	2026-10-03T14:43:51.636051+00:00	0.907	0	6152192	483249198	483249198	483249198	1	local_cpu	RSS sums sampled process tree at 0.2 s; disk sampled at 1 s; short peaks may be missed	17672654848
references	C:/Users/User/Documents/Structural_Biology/aptamer_selex_generative_design_pipeline/.venv/Scripts/python.exe scripts/acquire_reference_inputs.py --part packages	2026-10-03T14:43:52.194495+00:00	2026-10-03T14:43:53.302062+00:00	1.108	0	41828352	483249577	483250166	483250166	1	local_cpu	RSS sums sampled process tree at 0.2 s; disk sampled at 1 s; short peaks may be missed	17672654848
references	C:/Users/User/Documents/Structural_Biology/aptamer_selex_generative_design_pipeline/.venv/Scripts/python.exe scripts/acquire_reference_inputs.py --part metadata	2026-10-03T14:43:53.841351+00:00	2026-10-03T14:43:54.727755+00:00	0.886	0	6131712	483250562	483250562	483250562	1	local_cpu	RSS sums sampled process tree at 0.2 s; disk sampled at 1 s; short peaks may be missed	17672654848
references	C:/Users/User/Documents/Structural_Biology/aptamer_selex_generative_design_pipeline/.venv/Scripts/python.exe scripts/acquire_reference_inputs.py --part upstream	2026-10-03T14:43:55.239580+00:00	2026-10-03T14:43:56.133888+00:00	0.894	0	6135808	483250957	483251254	483251254	1	local_cpu	RSS sums sampled process tree at 0.2 s; disk sampled at 1 s; short peaks may be missed	17672298496
references	C:/Users/User/Documents/Structural_Biology/aptamer_selex_generative_design_pipeline/.venv/Scripts/python.exe scripts/acquire_reference_inputs.py --part supplement	2026-10-03T14:43:56.699663+00:00	2026-10-03T14:43:57.602859+00:00	0.903	0	6135808	483251649	483251649	483251649	1	local_cpu	RSS sums sampled process tree at 0.2 s; disk sampled at 1 s; short peaks may be missed	17672232960
sources	C:/Users/User/Documents/Structural_Biology/aptamer_selex_generative_design_pipeline/.venv/Scripts/python.exe scripts/01_verify_sources.py --offline	2026-10-03T14:43:58.031020+00:00	2026-10-03T14:43:59.761929+00:00	1.731	0	35450880	483252046	483252357	483252357	1	local_cpu	RSS sums sampled process tree at 0.2 s; disk sampled at 1 s; short peaks may be missed	17672232960
metadata	C:/Users/User/Documents/Structural_Biology/aptamer_selex_generative_design_pipeline/.venv/Scripts/python.exe scripts/03_fetch_metadata.py	2026-10-03T14:44:00.184081+00:00	2026-10-03T14:44:01.073165+00:00	0.889	0	6152192	483252737	483252802	483252802	1	local_cpu	RSS sums sampled process tree at 0.2 s; disk sampled at 1 s; short peaks may be missed	17672232960
fetch	C:/Users/User/Documents/Structural_Biology/aptamer_selex_generative_design_pipeline/.venv/Scripts/python.exe scripts/fetch_selex.py --target all	2026-10-03T14:44:01.688140+00:00	2026-10-03T14:44:02.609398+00:00	0.921	0	4083712	483253172	483254050	483254050	1	local_cpu	RSS sums sampled process tree at 0.2 s; disk sampled at 1 s; short peaks may be missed	17672167424
ground_truth	C:/Users/User/Documents/Structural_Biology/aptamer_selex_generative_design_pipeline/.venv/Scripts/python.exe scripts/06_build_ground_truth.py	2026-10-03T14:44:03.086693+00:00	2026-10-03T14:44:03.994729+00:00	0.908	0	6152192	483254424	483254466	483254466	1	local_cpu	RSS sums sampled process tree at 0.2 s; disk sampled at 1 s; short peaks may be missed	17672036352
splits	C:/Users/User/Documents/Structural_Biology/aptamer_selex_generative_design_pipeline/.venv/Scripts/python.exe scripts/07_build_splits.py	2026-10-03T14:44:04.433459+00:00	2026-10-03T14:44:05.330754+00:00	0.897	0	6148096	483254844	483254880	483254880	1	local_cpu	RSS sums sampled process tree at 0.2 s; disk sampled at 1 s; short peaks may be missed	17672036352
baselines	C:/Users/User/Documents/Structural_Biology/aptamer_selex_generative_design_pipeline/.venv/Scripts/python.exe scripts/08_baselines.py	2026-10-03T14:44:05.789681+00:00	2026-10-03T14:44:07.763576+00:00	1.974	0	107364352	483255246	483255285	483255285	1	local_cpu	RSS sums sampled process tree at 0.2 s; disk sampled at 1 s; short peaks may be missed	17672032256
secondary	C:/Users/User/Documents/Structural_Biology/aptamer_selex_generative_design_pipeline/.venv/Scripts/python.exe scripts/09_secondary_structure.py	2026-10-03T14:44:08.212905+00:00	2026-10-03T14:44:09.102767+00:00	0.890	0	6152192	483255653	483255692	483255692	1	local_cpu	RSS sums sampled process tree at 0.2 s; disk sampled at 1 s; short peaks may be missed	17672032256
gpu_jobs	C:/Users/User/Documents/Structural_Biology/aptamer_selex_generative_design_pipeline/.venv/Scripts/python.exe scripts/10_prepare_gpu_jobs.py	2026-10-03T14:44:09.668782+00:00	2026-10-03T14:44:11.028695+00:00	1.360	0	63217664	483256068	483256156	483256156	1	local_cpu	RSS sums sampled process tree at 0.2 s; disk sampled at 1 s; short peaks may be missed	17671966720
ablation	C:/Users/User/Documents/Structural_Biology/aptamer_selex_generative_design_pipeline/.venv/Scripts/python.exe scripts/13_structure_ablation.py	2026-10-03T14:44:11.520532+00:00	2026-10-03T14:44:12.437954+00:00	0.917	0	6152192	483256529	483256567	483256567	1	local_cpu	RSS sums sampled process tree at 0.2 s; disk sampled at 1 s; short peaks may be missed	17671962624
candidates	C:/Users/User/Documents/Structural_Biology/aptamer_selex_generative_design_pipeline/.venv/Scripts/python.exe scripts/12_score_candidates.py	2026-10-03T14:44:12.880379+00:00	2026-10-03T14:44:14.195151+00:00	1.315	0	44580864	483256941	483257017	483257017	1	local_cpu	RSS sums sampled process tree at 0.2 s; disk sampled at 1 s; short peaks may be missed	17671962624
tertiary	C:/Users/User/Documents/Structural_Biology/aptamer_selex_generative_design_pipeline/.venv/Scripts/python.exe scripts/14_optional_tertiary.py	2026-10-03T14:44:14.598255+00:00	2026-10-03T14:44:15.516887+00:00	0.919	0	6152192	483257392	483257455	483257455	1	local_cpu	RSS sums sampled process tree at 0.2 s; disk sampled at 1 s; short peaks may be missed	17671962624
evaluation	C:/Users/User/Documents/Structural_Biology/aptamer_selex_generative_design_pipeline/.venv/Scripts/python.exe scripts/15_evaluate.py	2026-10-03T14:44:15.935868+00:00	2026-10-03T14:44:17.693154+00:00	1.757	0	112308224	483257828	483257868	483257868	1	local_cpu	RSS sums sampled process tree at 0.2 s; disk sampled at 1 s; short peaks may be missed	17671962624
tests	C:/Users/User/Documents/Structural_Biology/aptamer_selex_generative_design_pipeline/.venv/Scripts/python.exe -m pytest -q	2026-10-03T14:44:18.097330+00:00	2026-10-03T14:44:20.916026+00:00	2.819	0	138985472	483258236	483272211	483258337	1	local_cpu	RSS sums sampled process tree at 0.2 s; disk sampled at 1 s; short peaks may be missed	17671802880
figures	C:/Users/User/Documents/Structural_Biology/aptamer_selex_generative_design_pipeline/.venv/Scripts/python.exe scripts/16_figures.py	2026-10-03T14:44:21.341720+00:00	2026-10-03T14:44:26.280797+00:00	4.939	0	236720128	483258690	483262734	483262734	1	local_cpu	RSS sums sampled process tree at 0.2 s; disk sampled at 1 s; short peaks may be missed	17671888896
report	C:/Users/User/Documents/Structural_Biology/aptamer_selex_generative_design_pipeline/.venv/Scripts/python.exe scripts/write_report.py	2026-10-03T14:44:26.663715+00:00	2026-10-03T14:44:27.564689+00:00	0.901	0	6152192	483263098	483263959	483263959	1	local_cpu	RSS sums sampled process tree at 0.2 s; disk sampled at 1 s; short peaks may be missed	17671954432
configure	C:/Users/User/Documents/Structural_Biology/aptamer_selex_generative_design_pipeline/.venv/Scripts/python.exe scripts/configure.py --gpu-mode hosted --yes	2026-10-03T14:44:28.199006+00:00	2026-10-03T14:44:29.516918+00:00	1.318	0	29110272	483262821	483262910	483262910	1	local_cpu	RSS sums sampled process tree at 0.2 s; disk sampled at 1 s; short peaks may be missed	17671430144
resolve	C:/Users/User/Documents/Structural_Biology/aptamer_selex_generative_design_pipeline/.venv/Scripts/python.exe scripts/resolve_config.py	2026-10-03T14:44:30.020770+00:00	2026-10-03T14:44:30.912273+00:00	0.891	0	6152192	483263298	483263298	483263298	1	local_cpu	RSS sums sampled process tree at 0.2 s; disk sampled at 1 s; short peaks may be missed	17671426048
full_preflight	C:/Users/User/Documents/Structural_Biology/aptamer_selex_generative_design_pipeline/.venv/Scripts/python.exe scripts/full_preflight.py	2026-10-03T14:44:31.321868+00:00	2026-10-03T14:44:32.267731+00:00	0.946	1	6152192	483263664	483266012	483266012	1	local_cpu	RSS sums sampled process tree at 0.2 s; disk sampled at 1 s; short peaks may be missed	17671360512
clean_clone	C:/Users/User/Documents/Structural_Biology/aptamer_selex_generative_design_pipeline/.venv/Scripts/python.exe scripts/clean_clone.py	2026-10-03T14:44:32.753838+00:00	2026-10-03T14:44:38.238351+00:00	5.485	0	198279168	483266693	501492444	483266693	1	local_cpu	RSS sums sampled process tree at 0.2 s; disk sampled at 1 s; short peaks may be missed	17652252672
verification	C:/Users/User/Documents/Structural_Biology/aptamer_selex_generative_design_pipeline/.venv/Scripts/python.exe scripts/verify_repository.py --clean-clone-status passed	2026-10-03T14:44:38.678632+00:00	2026-10-03T14:44:44.685480+00:00	6.007	0	84221952	483267062	483267168	483267168	1	local_cpu	RSS sums sampled process tree at 0.2 s; disk sampled at 1 s; short peaks may be missed	17671217152
figures	C:/Users/User/Documents/Structural_Biology/aptamer_selex_generative_design_pipeline/.venv/Scripts/python.exe scripts/16_figures.py	2026-10-03T14:48:34.301879+00:00	2026-10-03T14:48:38.988258+00:00	4.686	0	237142016	483267571	483267571	483267562	1	local_cpu	RSS sums sampled process tree at 0.2 s; disk sampled at 1 s; short peaks may be missed	17512603648
report	C:/Users/User/Documents/Structural_Biology/aptamer_selex_generative_design_pipeline/.venv/Scripts/python.exe scripts/write_report.py	2026-10-03T14:48:39.433348+00:00	2026-10-03T14:48:40.327685+00:00	0.894	0	6131712	483267926	483267926	483267926	1	local_cpu	RSS sums sampled process tree at 0.2 s; disk sampled at 1 s; short peaks may be missed	17512669184
verification	C:/Users/User/Documents/Structural_Biology/aptamer_selex_generative_design_pipeline/.venv/Scripts/python.exe scripts/verify_repository.py --clean-clone-status passed	2026-10-03T14:48:41.150570+00:00	2026-10-03T14:48:46.691359+00:00	5.541	0	83292160	483660017	483660017	483660017	1	local_cpu	RSS sums sampled process tree at 0.2 s; disk sampled at 1 s; short peaks may be missed	17511604224
readme_review	C:/Users/User/Documents/Structural_Biology/aptamer_selex_generative_design_pipeline/.venv/Scripts/python.exe C:/Users/User/Documents/Structural_Biology/aptamer_selex_generative_design_pipeline/.venv/Scripts/python.exe scripts/write_report.py	2026-10-03T15:57:34.184193+00:00	2026-10-03T15:57:35.145104+00:00	0.960	1	6172672	483703469	483703469	483703469	1	local_cpu	RSS sums sampled process tree at 0.2 s; disk sampled at 1 s; short peaks may be missed	16169025536
readme_review	C:/Users/User/Documents/Structural_Biology/aptamer_selex_generative_design_pipeline/.venv/Scripts/python.exe scripts/write_report.py	2026-10-03T15:58:01.339342+00:00	2026-10-03T15:58:02.495202+00:00	1.156	0	6172672	483704362	483728152	483728152	1	local_cpu	RSS sums sampled process tree at 0.2 s; disk sampled at 1 s; short peaks may be missed; RSS sampling errors=memory:NoSuchProcess	16168181760
figures	C:/Users/User/Documents/Structural_Biology/aptamer_selex_generative_design_pipeline/.venv/Scripts/python.exe scripts/16_figures.py	2026-10-03T15:58:34.419620+00:00	2026-10-03T15:58:40.539787+00:00	6.120	0	237862912	483728564	483728564	483722392	1	local_cpu	RSS sums sampled process tree at 0.2 s; disk sampled at 1 s; short peaks may be missed	16167313408
report	C:/Users/User/Documents/Structural_Biology/aptamer_selex_generative_design_pipeline/.venv/Scripts/python.exe scripts/write_report.py	2026-10-03T16:06:22.971623+00:00	2026-10-03T16:06:24.205082+00:00	1.232	0	6270976	483736701	483795706	483795706	1	local_cpu	RSS sums sampled process tree at 0.2 s; disk sampled at 1 s; short peaks may be missed; RSS sampling errors=memory:NoSuchProcess	16649293824
publication_preflight	C:/Users/User/Documents/Structural_Biology/aptamer_selex_generative_design_pipeline/.venv/Scripts/python.exe .cache/publication_preflight.py	2026-10-03T16:08:16.341341+00:00	2026-10-03T16:08:23.066634+00:00	6.725	0	42004480	483799133	483799595	483799595	1	local_cpu	RSS sums sampled process tree at 0.2 s; disk sampled at 1 s; short peaks may be missed	16651915264
tests	C:/Users/User/Documents/Structural_Biology/aptamer_selex_generative_design_pipeline/.venv/Scripts/python.exe -m pytest -q --junitxml=logs/pytest.xml	2026-10-03T16:09:50.914478+00:00	2026-10-03T16:09:55.549427+00:00	4.635	0	139304960	483835107	483849041	483835107	1	local_cpu	RSS sums sampled process tree at 0.2 s; disk sampled at 1 s; short peaks may be missed	16649400320
configure	C:/Users/User/Documents/Structural_Biology/aptamer_selex_generative_design_pipeline/.venv/Scripts/python.exe scripts/configure.py --yes	2026-10-03T16:09:56.788902+00:00	2026-10-03T16:09:58.135772+00:00	1.347	0	29786112	483832683	483832768	483832768	1	local_cpu	RSS sums sampled process tree at 0.2 s; disk sampled at 1 s; short peaks may be missed	16649297920
resolve	C:/Users/User/Documents/Structural_Biology/aptamer_selex_generative_design_pipeline/.venv/Scripts/python.exe scripts/resolve_config.py	2026-10-03T16:09:58.626233+00:00	2026-10-03T16:09:59.569550+00:00	0.943	0	6184960	483833138	483833138	483833138	1	local_cpu	RSS sums sampled process tree at 0.2 s; disk sampled at 1 s; short peaks may be missed	16649297920
bootstrap_sources	C:/Users/User/Documents/Structural_Biology/aptamer_selex_generative_design_pipeline/.venv/Scripts/python.exe scripts/bootstrap_sources.py	2026-10-03T16:09:59.987227+00:00	2026-10-03T16:10:00.928270+00:00	0.941	0	4124672	483833504	483833504	483833504	1	local_cpu	RSS sums sampled process tree at 0.2 s; disk sampled at 1 s; short peaks may be missed	16649289728
references	C:/Users/User/Documents/Structural_Biology/aptamer_selex_generative_design_pipeline/.venv/Scripts/python.exe scripts/acquire_reference_inputs.py --part packages	2026-10-03T16:10:01.557129+00:00	2026-10-03T16:10:02.704577+00:00	1.147	0	55382016	483833883	483834472	483834472	1	local_cpu	RSS sums sampled process tree at 0.2 s; disk sampled at 1 s; short peaks may be missed	16649289728
references	C:/Users/User/Documents/Structural_Biology/aptamer_selex_generative_design_pipeline/.venv/Scripts/python.exe scripts/acquire_reference_inputs.py --part metadata	2026-10-03T16:10:03.335868+00:00	2026-10-03T16:10:04.287734+00:00	0.952	0	6184960	483834868	483834868	483834868	1	local_cpu	RSS sums sampled process tree at 0.2 s; disk sampled at 1 s; short peaks may be missed	16649289728
references	C:/Users/User/Documents/Structural_Biology/aptamer_selex_generative_design_pipeline/.venv/Scripts/python.exe scripts/acquire_reference_inputs.py --part upstream	2026-10-03T16:10:04.859120+00:00	2026-10-03T16:10:05.791305+00:00	0.932	0	6184960	483835263	483835560	483835560	1	local_cpu	RSS sums sampled process tree at 0.2 s; disk sampled at 1 s; short peaks may be missed	16649093120
references	C:/Users/User/Documents/Structural_Biology/aptamer_selex_generative_design_pipeline/.venv/Scripts/python.exe scripts/acquire_reference_inputs.py --part supplement	2026-10-03T16:10:06.324877+00:00	2026-10-03T16:10:07.259816+00:00	0.935	0	6283264	483835955	483835955	483835955	1	local_cpu	RSS sums sampled process tree at 0.2 s; disk sampled at 1 s; short peaks may be missed	16649093120
sources	C:/Users/User/Documents/Structural_Biology/aptamer_selex_generative_design_pipeline/.venv/Scripts/python.exe scripts/01_verify_sources.py --offline	2026-10-03T16:10:07.662868+00:00	2026-10-03T16:10:08.794174+00:00	1.131	0	32120832	483836352	483836389	483836389	1	local_cpu	RSS sums sampled process tree at 0.2 s; disk sampled at 1 s; short peaks may be missed	16649093120
metadata	C:/Users/User/Documents/Structural_Biology/aptamer_selex_generative_design_pipeline/.venv/Scripts/python.exe scripts/03_fetch_metadata.py	2026-10-03T16:10:09.191991+00:00	2026-10-03T16:10:10.137470+00:00	0.945	0	6184960	483836769	483836834	483836834	1	local_cpu	RSS sums sampled process tree at 0.2 s; disk sampled at 1 s; short peaks may be missed	16649023488
fetch	C:/Users/User/Documents/Structural_Biology/aptamer_selex_generative_design_pipeline/.venv/Scripts/python.exe scripts/fetch_selex.py --target all	2026-10-03T16:10:10.768317+00:00	2026-10-03T16:10:11.704468+00:00	0.936	0	6184960	483837204	483838082	483838082	1	local_cpu	RSS sums sampled process tree at 0.2 s; disk sampled at 1 s; short peaks may be missed	16649023488
ground_truth	C:/Users/User/Documents/Structural_Biology/aptamer_selex_generative_design_pipeline/.venv/Scripts/python.exe scripts/06_build_ground_truth.py	2026-10-03T16:10:12.117102+00:00	2026-10-03T16:10:13.055617+00:00	0.939	0	6180864	483838456	483838498	483838498	1	local_cpu	RSS sums sampled process tree at 0.2 s; disk sampled at 1 s; short peaks may be missed	16649023488
splits	C:/Users/User/Documents/Structural_Biology/aptamer_selex_generative_design_pipeline/.venv/Scripts/python.exe scripts/07_build_splits.py	2026-10-03T16:10:13.520730+00:00	2026-10-03T16:10:14.457915+00:00	0.937	0	4083712	483838876	483838912	483838912	1	local_cpu	RSS sums sampled process tree at 0.2 s; disk sampled at 1 s; short peaks may be missed	16649023488
baselines	C:/Users/User/Documents/Structural_Biology/aptamer_selex_generative_design_pipeline/.venv/Scripts/python.exe scripts/08_baselines.py	2026-10-03T16:10:14.939800+00:00	2026-10-03T16:10:16.944712+00:00	2.005	0	117088256	483839278	483839317	483839317	1	local_cpu	RSS sums sampled process tree at 0.2 s; disk sampled at 1 s; short peaks may be missed	16649023488
secondary	C:/Users/User/Documents/Structural_Biology/aptamer_selex_generative_design_pipeline/.venv/Scripts/python.exe scripts/09_secondary_structure.py	2026-10-03T16:10:17.372096+00:00	2026-10-03T16:10:18.318104+00:00	0.946	0	6184960	483839685	483839724	483839724	1	local_cpu	RSS sums sampled process tree at 0.2 s; disk sampled at 1 s; short peaks may be missed	16649023488
gpu_jobs	C:/Users/User/Documents/Structural_Biology/aptamer_selex_generative_design_pipeline/.venv/Scripts/python.exe scripts/10_prepare_gpu_jobs.py	2026-10-03T16:10:18.788013+00:00	2026-10-03T16:10:20.138808+00:00	1.351	0	62636032	483840100	483840188	483840188	1	local_cpu	RSS sums sampled process tree at 0.2 s; disk sampled at 1 s; short peaks may be missed	16649023488
ablation	C:/Users/User/Documents/Structural_Biology/aptamer_selex_generative_design_pipeline/.venv/Scripts/python.exe scripts/13_structure_ablation.py	2026-10-03T16:10:20.591103+00:00	2026-10-03T16:10:21.534745+00:00	0.944	0	6184960	483840561	483840599	483840599	1	local_cpu	RSS sums sampled process tree at 0.2 s; disk sampled at 1 s; short peaks may be missed	16649089024
candidates	C:/Users/User/Documents/Structural_Biology/aptamer_selex_generative_design_pipeline/.venv/Scripts/python.exe scripts/12_score_candidates.py	2026-10-03T16:10:21.999443+00:00	2026-10-03T16:10:23.596661+00:00	1.597	0	44687360	483840973	483841049	483841049	1	local_cpu	RSS sums sampled process tree at 0.2 s; disk sampled at 1 s; short peaks may be missed	16649023488
tertiary	C:/Users/User/Documents/Structural_Biology/aptamer_selex_generative_design_pipeline/.venv/Scripts/python.exe scripts/14_optional_tertiary.py	2026-10-03T16:10:24.044698+00:00	2026-10-03T16:10:24.958852+00:00	0.914	0	6184960	483841424	483841487	483841487	1	local_cpu	RSS sums sampled process tree at 0.2 s; disk sampled at 1 s; short peaks may be missed	16649003008
evaluation	C:/Users/User/Documents/Structural_Biology/aptamer_selex_generative_design_pipeline/.venv/Scripts/python.exe scripts/15_evaluate.py	2026-10-03T16:10:25.428334+00:00	2026-10-03T16:10:27.212317+00:00	1.784	0	110419968	483841860	483841900	483841900	1	local_cpu	RSS sums sampled process tree at 0.2 s; disk sampled at 1 s; short peaks may be missed	16648892416
tests	C:/Users/User/Documents/Structural_Biology/aptamer_selex_generative_design_pipeline/.venv/Scripts/python.exe -m pytest -q	2026-10-03T16:10:27.694804+00:00	2026-10-03T16:10:31.361445+00:00	3.667	0	139362304	483842268	483856243	483842369	1	local_cpu	RSS sums sampled process tree at 0.2 s; disk sampled at 1 s; short peaks may be missed	16648794112
figures	C:/Users/User/Documents/Structural_Biology/aptamer_selex_generative_design_pipeline/.venv/Scripts/python.exe scripts/16_figures.py	2026-10-03T16:10:31.847252+00:00	2026-10-03T16:10:42.234773+00:00	10.388	0	239206400	483842722	483848084	483848084	1	local_cpu	RSS sums sampled process tree at 0.2 s; disk sampled at 1 s; short peaks may be missed	16648527872
report	C:/Users/User/Documents/Structural_Biology/aptamer_selex_generative_design_pipeline/.venv/Scripts/python.exe scripts/write_report.py	2026-10-03T16:10:42.655253+00:00	2026-10-03T16:10:43.856294+00:00	1.201	0	36966400	483848449	483849585	483849585	1	local_cpu	RSS sums sampled process tree at 0.2 s; disk sampled at 1 s; short peaks may be missed	16648589312
configure	C:/Users/User/Documents/Structural_Biology/aptamer_selex_generative_design_pipeline/.venv/Scripts/python.exe scripts/configure.py --gpu-mode hosted --yes	2026-10-03T16:10:44.581851+00:00	2026-10-03T16:10:46.009148+00:00	1.427	0	29253632	483848448	483848537	483848537	1	local_cpu	RSS sums sampled process tree at 0.2 s; disk sampled at 1 s; short peaks may be missed	16648450048
resolve	C:/Users/User/Documents/Structural_Biology/aptamer_selex_generative_design_pipeline/.venv/Scripts/python.exe scripts/resolve_config.py	2026-10-03T16:10:46.511649+00:00	2026-10-03T16:10:47.420073+00:00	0.908	0	6184960	483848925	483848925	483848925	1	local_cpu	RSS sums sampled process tree at 0.2 s; disk sampled at 1 s; short peaks may be missed	16648450048
full_preflight	C:/Users/User/Documents/Structural_Biology/aptamer_selex_generative_design_pipeline/.venv/Scripts/python.exe scripts/full_preflight.py	2026-10-03T16:10:47.837997+00:00	2026-10-03T16:10:48.764348+00:00	0.926	1	6184960	483849291	483851639	483851639	1	local_cpu	RSS sums sampled process tree at 0.2 s; disk sampled at 1 s; short peaks may be missed	16648450048
clean_clone	C:/Users/User/Documents/Structural_Biology/aptamer_selex_generative_design_pipeline/.venv/Scripts/python.exe scripts/clean_clone.py	2026-10-03T16:10:49.193818+00:00	2026-10-03T16:10:56.738988+00:00	7.545	0	203108352	483852320	502704890	483852320	1	local_cpu	RSS sums sampled process tree at 0.2 s; disk sampled at 1 s; short peaks may be missed	16628068352
verification	C:/Users/User/Documents/Structural_Biology/aptamer_selex_generative_design_pipeline/.venv/Scripts/python.exe scripts/verify_repository.py --clean-clone-status passed	2026-10-03T16:10:57.359128+00:00	2026-10-03T16:11:13.060201+00:00	15.701	0	84062208	483852689	483864093	483864093	1	local_cpu	RSS sums sampled process tree at 0.2 s; disk sampled at 1 s; short peaks may be missed	16646066176
publication_preflight	C:/Users/User/Documents/Structural_Biology/aptamer_selex_generative_design_pipeline/.venv/Scripts/python.exe scripts/publication_preflight.py	2026-10-03T16:14:21.020182+00:00	2026-10-03T16:14:27.975598+00:00	6.955	0	42688512	483865035	483865035	483865035	1	local_cpu	RSS sums sampled process tree at 0.2 s; disk sampled at 1 s; short peaks may be missed	16653484032
figures	C:/Users/User/Documents/Structural_Biology/aptamer_selex_generative_design_pipeline/.venv/Scripts/python.exe scripts/16_figures.py	2026-10-03T16:15:22.340763+00:00	2026-10-03T16:15:30.805048+00:00	8.464	0	239501312	483869522	483869522	483869348	1	local_cpu	RSS sums sampled process tree at 0.2 s; disk sampled at 1 s; short peaks may be missed	16652271616
report	C:/Users/User/Documents/Structural_Biology/aptamer_selex_generative_design_pipeline/.venv/Scripts/python.exe scripts/write_report.py	2026-10-03T16:15:31.228387+00:00	2026-10-03T16:15:32.162462+00:00	0.934	0	4120576	483869712	483869712	483869441	1	local_cpu	RSS sums sampled process tree at 0.2 s; disk sampled at 1 s; short peaks may be missed	16652271616
