target	strategy	threshold	test_assay_training_overlap	heldout_values_for_tuning	hyperparameters	training_information
integrin	random	0.7	0	no	fixed_configuration	SELEX_only_for_ridge_and_generators; training_assay_labels_only_for_logistic
integrin	random	0.8	0	no	fixed_configuration	SELEX_only_for_ridge_and_generators; training_assay_labels_only_for_logistic
integrin	random	0.9	0	no	fixed_configuration	SELEX_only_for_ridge_and_generators; training_assay_labels_only_for_logistic
integrin	naive_sequence_random	0.7	0	no	fixed_configuration	SELEX_only_for_ridge_and_generators; training_assay_labels_only_for_logistic
integrin	naive_sequence_random	0.8	0	no	fixed_configuration	SELEX_only_for_ridge_and_generators; training_assay_labels_only_for_logistic
integrin	naive_sequence_random	0.9	0	no	fixed_configuration	SELEX_only_for_ridge_and_generators; training_assay_labels_only_for_logistic
integrin	family	0.7	0	no	fixed_configuration	SELEX_only_for_ridge_and_generators; training_assay_labels_only_for_logistic
integrin	family	0.8	0	no	fixed_configuration	SELEX_only_for_ridge_and_generators; training_assay_labels_only_for_logistic
integrin	family	0.9	0	no	fixed_configuration	SELEX_only_for_ridge_and_generators; training_assay_labels_only_for_logistic
tg2	random	0.7	0	no	fixed_configuration	SELEX_only_for_ridge_and_generators; training_assay_labels_only_for_logistic
tg2	random	0.8	0	no	fixed_configuration	SELEX_only_for_ridge_and_generators; training_assay_labels_only_for_logistic
tg2	random	0.9	0	no	fixed_configuration	SELEX_only_for_ridge_and_generators; training_assay_labels_only_for_logistic
tg2	naive_sequence_random	0.7	0	no	fixed_configuration	SELEX_only_for_ridge_and_generators; training_assay_labels_only_for_logistic
tg2	naive_sequence_random	0.8	0	no	fixed_configuration	SELEX_only_for_ridge_and_generators; training_assay_labels_only_for_logistic
tg2	naive_sequence_random	0.9	0	no	fixed_configuration	SELEX_only_for_ridge_and_generators; training_assay_labels_only_for_logistic
tg2	family	0.7	0	no	fixed_configuration	SELEX_only_for_ridge_and_generators; training_assay_labels_only_for_logistic
tg2	family	0.8	0	no	fixed_configuration	SELEX_only_for_ridge_and_generators; training_assay_labels_only_for_logistic
tg2	family	0.9	0	no	fixed_configuration	SELEX_only_for_ridge_and_generators; training_assay_labels_only_for_logistic
