target	threshold	strategy	method	metric	estimate	lower_95	upper_95	bootstrap_requested	bootstrap_valid	bootstrap_undefined	resampling_unit	independent_families
tg2	0.7	family	kmer_ridge	average_precision	0.9571162964020106	0.906795634920635	0.9614769489769488	2000	1420	580	sequence_family	3
tg2	0.7	family	frequency	average_precision	0.9333333333333333	0.8888888888888888	0.9411764705882353	2000	1420	580	sequence_family	3
tg2	0.7	family	enrichment	average_precision	0.9333333333333333	0.8888888888888888	0.9411764705882353	2000	1420	580	sequence_family	3
tg2	0.7	family	frequency_observed	average_precision	0.9549783549783549	0.954978354978355	0.9722222222222222	2000	1420	580	sequence_family	3
tg2	0.7	family	enrichment_observed	average_precision	0.9571162964020106	0.9523520461020462	0.9704861111111112	2000	1420	580	sequence_family	3
tg2	0.7	family	kmer_logistic	average_precision	0.9650528043385185	0.875545634920635	0.9737703013897867	2000	1420	580	sequence_family	3
tg2	0.7	random	kmer_ridge	average_precision	0.9117931671503099	0.8338789682539683	0.9391555204055203	2000	1420	580	sequence_family	3
tg2	0.7	random	frequency	average_precision	0.9333333333333333	0.8888888888888888	0.9411764705882353	2000	1420	580	sequence_family	3
tg2	0.7	random	enrichment	average_precision	0.9333333333333333	0.8888888888888888	0.9411764705882353	2000	1420	580	sequence_family	3
tg2	0.7	random	frequency_observed	average_precision	0.9549783549783549	0.954978354978355	0.9722222222222222	2000	1420	580	sequence_family	3
tg2	0.7	random	enrichment_observed	average_precision	0.9571162964020106	0.9523520461020462	0.9704861111111112	2000	1420	580	sequence_family	3
tg2	0.7	random	kmer_logistic	average_precision	0.9571162964020106	0.8338789682539683	0.9680884832079686	2000	1420	580	sequence_family	3
tg2	0.7	naive_sequence_random	kmer_ridge	average_precision	0.7385521885521886	0.561232612703201	0.7852868478393689	2000	1344	656	sequence_family	4
tg2	0.7	naive_sequence_random	frequency	average_precision	0.8	0.6666666666666666	0.8235294117647058	2000	1344	656	sequence_family	4
tg2	0.7	naive_sequence_random	enrichment	average_precision	0.8	0.6666666666666666	0.8235294117647058	2000	1344	656	sequence_family	4
tg2	0.7	naive_sequence_random	frequency_observed	average_precision	0.8352640415140415	0.669074074074074	0.907272126022126	2000	1344	656	sequence_family	4
tg2	0.7	naive_sequence_random	enrichment_observed	average_precision	0.7207103082103083	0.5771224633066737	0.7858537412634051	2000	1344	656	sequence_family	4
tg2	0.7	naive_sequence_random	kmer_logistic	average_precision	0.9295676545676547	0.8385912698412699	0.9752747252747254	2000	1344	656	sequence_family	4
tg2	0.8	family	kmer_ridge	average_precision	0.9260788814360241	0.6388888888888888	0.9652375438888595	2000	1314	686	sequence_family	6
tg2	0.8	family	frequency	average_precision	0.9333333333333333	0.6923076923076923	0.9565217391304348	2000	1314	686	sequence_family	6
tg2	0.8	family	enrichment	average_precision	0.9333333333333333	0.6923076923076923	0.9565217391304348	2000	1314	686	sequence_family	6
tg2	0.8	family	frequency_observed	average_precision	0.9549783549783549	0.8249158249158248	0.9819624819624819	2000	1314	686	sequence_family	6
tg2	0.8	family	enrichment_observed	average_precision	0.9571162964020106	0.8437351074851075	0.9825248624690843	2000	1314	686	sequence_family	6
tg2	0.8	family	kmer_logistic	average_precision	0.9571162964020106	0.7483834347470711	0.9917740384615383	2000	1314	686	sequence_family	6
tg2	0.8	random	kmer_ridge	average_precision	0.9117931671503099	0.6946911653161653	0.9456183436446595	2000	1314	686	sequence_family	6
tg2	0.8	random	frequency	average_precision	0.9333333333333333	0.6923076923076923	0.9565217391304348	2000	1314	686	sequence_family	6
tg2	0.8	random	enrichment	average_precision	0.9333333333333333	0.6923076923076923	0.9565217391304348	2000	1314	686	sequence_family	6
tg2	0.8	random	frequency_observed	average_precision	0.9549783549783549	0.8249158249158248	0.9819624819624819	2000	1314	686	sequence_family	6
tg2	0.8	random	enrichment_observed	average_precision	0.9571162964020106	0.8437351074851075	0.9825248624690843	2000	1314	686	sequence_family	6
tg2	0.8	random	kmer_logistic	average_precision	0.9571162964020106	0.7483834347470711	0.9917740384615383	2000	1314	686	sequence_family	6
tg2	0.8	naive_sequence_random	kmer_ridge	average_precision	0.7385521885521886	0.4710103586889301	0.9913888888888889	2000	1944	56	sequence_family	9
tg2	0.8	naive_sequence_random	frequency	average_precision	0.8	0.5	0.9425653594771239	2000	1944	56	sequence_family	9
tg2	0.8	naive_sequence_random	enrichment	average_precision	0.8	0.5	0.9425653594771239	2000	1944	56	sequence_family	9
tg2	0.8	naive_sequence_random	frequency_observed	average_precision	0.8352640415140415	0.495292809042809	0.9777777777777779	2000	1944	56	sequence_family	9
tg2	0.8	naive_sequence_random	enrichment_observed	average_precision	0.7207103082103083	0.4168121263656978	0.9834111721611721	2000	1944	56	sequence_family	9
tg2	0.8	naive_sequence_random	kmer_logistic	average_precision	0.9295676545676547	0.790651472107438	1.0	2000	1944	56	sequence_family	9
tg2	0.9	family	kmer_ridge	average_precision	0.9117931671503099	0.729011377278184	0.949229540300969	2000	1281	719	sequence_family	14
tg2	0.9	family	frequency	average_precision	0.9333333333333333	0.7777777777777778	0.9333333333333333	2000	1281	719	sequence_family	14
tg2	0.9	family	enrichment	average_precision	0.9333333333333333	0.7777777777777778	0.9333333333333333	2000	1281	719	sequence_family	14
tg2	0.9	family	frequency_observed	average_precision	0.9549783549783549	0.8771929824561404	0.9748299319727892	2000	1281	719	sequence_family	14
tg2	0.9	family	enrichment_observed	average_precision	0.9571162964020106	0.8752481761935543	0.9790816326530613	2000	1281	719	sequence_family	14
tg2	0.9	family	kmer_logistic	average_precision	0.9571162964020106	0.8286844458062946	0.979029304029304	2000	1281	719	sequence_family	14
tg2	0.9	random	kmer_ridge	average_precision	0.9117931671503099	0.729011377278184	0.949229540300969	2000	1281	719	sequence_family	14
tg2	0.9	random	frequency	average_precision	0.9333333333333333	0.7777777777777778	0.9333333333333333	2000	1281	719	sequence_family	14
tg2	0.9	random	enrichment	average_precision	0.9333333333333333	0.7777777777777778	0.9333333333333333	2000	1281	719	sequence_family	14
tg2	0.9	random	frequency_observed	average_precision	0.9549783549783549	0.8771929824561404	0.9748299319727892	2000	1281	719	sequence_family	14
tg2	0.9	random	enrichment_observed	average_precision	0.9571162964020106	0.8752481761935543	0.9790816326530613	2000	1281	719	sequence_family	14
tg2	0.9	random	kmer_logistic	average_precision	0.9571162964020106	0.8286844458062946	0.979029304029304	2000	1281	719	sequence_family	14
tg2	0.9	naive_sequence_random	kmer_ridge	average_precision	0.7385521885521886	0.5225649595502536	0.9880952380952381	2000	1942	58	sequence_family	14
tg2	0.9	naive_sequence_random	frequency	average_precision	0.8	0.6	0.9333333333333333	2000	1942	58	sequence_family	14
tg2	0.9	naive_sequence_random	enrichment	average_precision	0.8	0.6	0.9333333333333333	2000	1942	58	sequence_family	14
tg2	0.9	naive_sequence_random	frequency_observed	average_precision	0.8352640415140415	0.6151628001628002	0.9787545787545788	2000	1942	58	sequence_family	14
tg2	0.9	naive_sequence_random	enrichment_observed	average_precision	0.7207103082103083	0.4909226190476191	0.9850065410779697	2000	1942	58	sequence_family	14
tg2	0.9	naive_sequence_random	kmer_logistic	average_precision	0.9295676545676547	0.8100462962962963	1.0	2000	1942	58	sequence_family	14
integrin	0.7	family	kmer_ridge	average_precision	0.6792612361265612	0.26666666666666666	0.8692258940977926	2000	1985	15	sequence_family	9
integrin	0.7	family	frequency	average_precision	0.6	0.2	0.7317073170731707	2000	1985	15	sequence_family	9
integrin	0.7	family	enrichment	average_precision	0.6	0.2	0.7317073170731707	2000	1985	15	sequence_family	9
integrin	0.7	family	frequency_observed	average_precision	0.7648707773707774	0.5555555555555555	0.9666666666666666	2000	1985	15	sequence_family	9
integrin	0.7	family	enrichment_observed	average_precision	0.8748836001696414	0.4	1.0	2000	1985	15	sequence_family	9
integrin	0.7	random	kmer_ridge	average_precision	0.789397103870788	0.2222222222222222	0.955737472915801	2000	1985	15	sequence_family	9
integrin	0.7	random	frequency	average_precision	0.6	0.2	0.7317073170731707	2000	1985	15	sequence_family	9
integrin	0.7	random	enrichment	average_precision	0.6	0.2	0.7317073170731707	2000	1985	15	sequence_family	9
integrin	0.7	random	frequency_observed	average_precision	0.7648707773707774	0.5555555555555555	0.9666666666666666	2000	1985	15	sequence_family	9
integrin	0.7	random	enrichment_observed	average_precision	0.8748836001696414	0.4	1.0	2000	1985	15	sequence_family	9
integrin	0.7	random	kmer_logistic	average_precision	0.5675049577135995	0.18253968253968253	0.7633151900626255	2000	1985	15	sequence_family	9
integrin	0.7	naive_sequence_random	kmer_ridge	average_precision	0.8977327050791963	0.7916666666666666	1.0	2000	1962	38	sequence_family	8
integrin	0.7	naive_sequence_random	frequency	average_precision	0.75	0.5	0.875	2000	1962	38	sequence_family	8
integrin	0.7	naive_sequence_random	enrichment	average_precision	0.75	0.5	0.875	2000	1962	38	sequence_family	8
integrin	0.7	naive_sequence_random	frequency_observed	average_precision	0.8736754351885933	0.8031437495253283	1.0	2000	1962	38	sequence_family	8
integrin	0.7	naive_sequence_random	enrichment_observed	average_precision	0.884911276326395	0.8336629984122603	1.0	2000	1962	38	sequence_family	8
integrin	0.7	naive_sequence_random	kmer_logistic	average_precision	0.8227686554785874	0.6250892857142857	0.9821428571428571	2000	1962	38	sequence_family	8
integrin	0.8	family	kmer_ridge	average_precision	0.7436846486846487	0.5258699168051348	0.9710350915989665	2000	2000	0	sequence_family	24
integrin	0.8	family	frequency	average_precision	0.6	0.4	0.7916666666666666	2000	2000	0	sequence_family	24
integrin	0.8	family	enrichment	average_precision	0.6	0.4	0.7916666666666666	2000	2000	0	sequence_family	24
integrin	0.8	family	frequency_observed	average_precision	0.7648707773707774	0.5488114648033126	0.9447989453933747	2000	2000	0	sequence_family	24
integrin	0.8	family	enrichment_observed	average_precision	0.8748836001696414	0.702372251604231	0.9773730003510356	2000	2000	0	sequence_family	24
integrin	0.8	family	kmer_logistic	average_precision	0.5675049577135995	0.3804032685971188	0.862251254400366	2000	2000	0	sequence_family	24
integrin	0.8	random	kmer_ridge	average_precision	0.789397103870788	0.5602074789245842	0.9698285358974046	2000	2000	0	sequence_family	24
integrin	0.8	random	frequency	average_precision	0.6	0.4	0.7916666666666666	2000	2000	0	sequence_family	24
integrin	0.8	random	enrichment	average_precision	0.6	0.4	0.7916666666666666	2000	2000	0	sequence_family	24
integrin	0.8	random	frequency_observed	average_precision	0.7648707773707774	0.5488114648033126	0.9447989453933747	2000	2000	0	sequence_family	24
integrin	0.8	random	enrichment_observed	average_precision	0.8748836001696414	0.702372251604231	0.9773730003510356	2000	2000	0	sequence_family	24
integrin	0.8	random	kmer_logistic	average_precision	0.5675049577135995	0.3804032685971188	0.862251254400366	2000	2000	0	sequence_family	24
integrin	0.8	naive_sequence_random	kmer_ridge	average_precision	0.8977327050791963	0.7634439511162856	0.9826544278759854	2000	1996	4	sequence_family	24
integrin	0.8	naive_sequence_random	frequency	average_precision	0.75	0.5833333333333334	0.9166666666666665	2000	1996	4	sequence_family	24
integrin	0.8	naive_sequence_random	enrichment	average_precision	0.75	0.5833333333333334	0.9166666666666665	2000	1996	4	sequence_family	24
integrin	0.8	naive_sequence_random	frequency_observed	average_precision	0.8736754351885933	0.7078857688256875	0.9879790382361644	2000	1996	4	sequence_family	24
integrin	0.8	naive_sequence_random	enrichment_observed	average_precision	0.884911276326395	0.7352080247968407	0.9857951908390504	2000	1996	4	sequence_family	24
integrin	0.8	naive_sequence_random	kmer_logistic	average_precision	0.8227686554785874	0.6226126645580105	0.9816939374564055	2000	1996	4	sequence_family	24
integrin	0.9	family	kmer_ridge	average_precision	0.7488295762208805	0.5146502744957823	0.9739644331416778	2000	2000	0	sequence_family	24
integrin	0.9	family	frequency	average_precision	0.6	0.384375	0.7779761904761893	2000	2000	0	sequence_family	24
integrin	0.9	family	enrichment	average_precision	0.6	0.384375	0.7779761904761893	2000	2000	0	sequence_family	24
integrin	0.9	family	frequency_observed	average_precision	0.7648707773707774	0.5347454491768218	0.9365062865631599	2000	2000	0	sequence_family	24
integrin	0.9	family	enrichment_observed	average_precision	0.8748836001696414	0.6907172300738477	0.9725899722408298	2000	2000	0	sequence_family	24
integrin	0.9	family	kmer_logistic	average_precision	0.5675049577135995	0.37843100649350647	0.8389433551943383	2000	2000	0	sequence_family	24
integrin	0.9	random	kmer_ridge	average_precision	0.789397103870788	0.5444252322611456	0.9704923115079366	2000	2000	0	sequence_family	24
integrin	0.9	random	frequency	average_precision	0.6	0.384375	0.7779761904761893	2000	2000	0	sequence_family	24
integrin	0.9	random	enrichment	average_precision	0.6	0.384375	0.7779761904761893	2000	2000	0	sequence_family	24
integrin	0.9	random	frequency_observed	average_precision	0.7648707773707774	0.5347454491768218	0.9365062865631599	2000	2000	0	sequence_family	24
integrin	0.9	random	enrichment_observed	average_precision	0.8748836001696414	0.6907172300738477	0.9725899722408298	2000	2000	0	sequence_family	24
integrin	0.9	random	kmer_logistic	average_precision	0.5675049577135995	0.37843100649350647	0.8389433551943383	2000	2000	0	sequence_family	24
integrin	0.9	naive_sequence_random	kmer_ridge	average_precision	0.8977327050791963	0.7731538198643462	0.9778833233996276	2000	2000	0	sequence_family	24
integrin	0.9	naive_sequence_random	frequency	average_precision	0.75	0.5416666666666666	0.9166666666666665	2000	2000	0	sequence_family	24
integrin	0.9	naive_sequence_random	enrichment	average_precision	0.75	0.5416666666666666	0.9166666666666665	2000	2000	0	sequence_family	24
integrin	0.9	naive_sequence_random	frequency_observed	average_precision	0.8736754351885933	0.7024070113242665	0.9828240604542212	2000	2000	0	sequence_family	24
integrin	0.9	naive_sequence_random	enrichment_observed	average_precision	0.884911276326395	0.7434831423797589	0.9842858510363209	2000	2000	0	sequence_family	24
integrin	0.9	naive_sequence_random	kmer_logistic	average_precision	0.8227686554785874	0.6287702780747658	0.9862674704104759	2000	2000	0	sequence_family	24
integrin	0.7	family	kmer_structure_ridge	average_precision	0.672048760493033	0.26666666666666666	0.8632797061410221	2000	1985	15	sequence_family	9
integrin	0.7	random	kmer_structure_ridge	average_precision	0.7859050403787246	0.2222222222222222	0.9534038214038214	2000	1985	15	sequence_family	9
integrin	0.7	random	kmer_structure_logistic	average_precision	0.5741806877333193	0.19642857142857142	0.7633290941654973	2000	1985	15	sequence_family	9
integrin	0.7	naive_sequence_random	kmer_structure_ridge	average_precision	0.8950774763210263	0.7916666666666666	1.0	2000	1962	38	sequence_family	8
integrin	0.7	naive_sequence_random	kmer_structure_logistic	average_precision	0.8089804456377458	0.6250892857142857	0.9821428571428571	2000	1962	38	sequence_family	8
integrin	0.8	family	kmer_structure_ridge	average_precision	0.7467402620263032	0.5333582144979204	0.973936518686422	2000	2000	0	sequence_family	24
integrin	0.8	family	kmer_structure_logistic	average_precision	0.5741806877333193	0.3823556368453815	0.8603473583949591	2000	2000	0	sequence_family	24
integrin	0.8	random	kmer_structure_ridge	average_precision	0.7859050403787246	0.5563392081774435	0.9675462240753454	2000	2000	0	sequence_family	24
integrin	0.8	random	kmer_structure_logistic	average_precision	0.5741806877333193	0.3823556368453815	0.8603473583949591	2000	2000	0	sequence_family	24
integrin	0.8	naive_sequence_random	kmer_structure_ridge	average_precision	0.8950774763210263	0.7562058080808081	0.9809224766461608	2000	1996	4	sequence_family	24
integrin	0.8	naive_sequence_random	kmer_structure_logistic	average_precision	0.8089804456377458	0.6090167766152373	0.9853977272727272	2000	1996	4	sequence_family	24
integrin	0.9	family	kmer_structure_ridge	average_precision	0.7551980280927649	0.5243836825567595	0.9773891223155929	2000	2000	0	sequence_family	24
integrin	0.9	family	kmer_structure_logistic	average_precision	0.5741806877333193	0.3850932417384986	0.8478265695480606	2000	2000	0	sequence_family	24
integrin	0.9	random	kmer_structure_ridge	average_precision	0.7859050403787246	0.5418888437950938	0.9688958333333333	2000	2000	0	sequence_family	24
integrin	0.9	random	kmer_structure_logistic	average_precision	0.5741806877333193	0.3850932417384986	0.8478265695480606	2000	2000	0	sequence_family	24
integrin	0.9	naive_sequence_random	kmer_structure_ridge	average_precision	0.8950774763210263	0.7674298513734655	0.9766943197915737	2000	2000	0	sequence_family	24
integrin	0.9	naive_sequence_random	kmer_structure_logistic	average_precision	0.8089804456377458	0.6138066075463279	0.9899768859948915	2000	2000	0	sequence_family	24
tg2	0.7	family	kmer_structure_ridge	average_precision	0.9571162964020106	0.906795634920635	0.9614769489769488	2000	1420	580	sequence_family	3
tg2	0.7	family	kmer_structure_logistic	average_precision	0.9650528043385185	0.875545634920635	0.9737703013897867	2000	1420	580	sequence_family	3
tg2	0.7	random	kmer_structure_ridge	average_precision	0.8939360242931671	0.7713789682539683	0.9252666315166315	2000	1420	580	sequence_family	3
tg2	0.7	random	kmer_structure_logistic	average_precision	0.9571162964020106	0.8338789682539683	0.9680884832079686	2000	1420	580	sequence_family	3
tg2	0.7	naive_sequence_random	kmer_structure_ridge	average_precision	0.7385521885521886	0.5618736383442265	0.7852868478393689	2000	1344	656	sequence_family	4
tg2	0.7	naive_sequence_random	kmer_structure_logistic	average_precision	0.9191509879009879	0.8385912698412699	0.9676989676989679	2000	1344	656	sequence_family	4
tg2	0.8	family	kmer_structure_ridge	average_precision	0.9260788814360241	0.6416666666666667	0.965227831379147	2000	1314	686	sequence_family	6
tg2	0.8	family	kmer_structure_logistic	average_precision	0.9571162964020106	0.7483834347470711	0.9917740384615383	2000	1314	686	sequence_family	6
tg2	0.8	random	kmer_structure_ridge	average_precision	0.8939360242931671	0.687025012025012	0.9282627865961199	2000	1314	686	sequence_family	6
tg2	0.8	random	kmer_structure_logistic	average_precision	0.9571162964020106	0.7483834347470711	0.9917740384615383	2000	1314	686	sequence_family	6
tg2	0.8	naive_sequence_random	kmer_structure_ridge	average_precision	0.7385521885521886	0.4704594413522985	0.9913888888888889	2000	1944	56	sequence_family	9
tg2	0.8	naive_sequence_random	kmer_structure_logistic	average_precision	0.9191509879009879	0.7571345198011865	1.0	2000	1944	56	sequence_family	9
tg2	0.9	family	kmer_structure_ridge	average_precision	0.8939360242931671	0.6909191124002049	0.9307230467944754	2000	1281	719	sequence_family	14
tg2	0.9	family	kmer_structure_logistic	average_precision	0.9571162964020106	0.8286844458062946	0.979029304029304	2000	1281	719	sequence_family	14
tg2	0.9	random	kmer_structure_ridge	average_precision	0.8939360242931671	0.6909191124002049	0.9307230467944754	2000	1281	719	sequence_family	14
tg2	0.9	random	kmer_structure_logistic	average_precision	0.9571162964020106	0.8286844458062946	0.979029304029304	2000	1281	719	sequence_family	14
tg2	0.9	naive_sequence_random	kmer_structure_ridge	average_precision	0.7385521885521886	0.5224414821289821	0.9880952380952381	2000	1942	58	sequence_family	14
tg2	0.9	naive_sequence_random	kmer_structure_logistic	average_precision	0.9191509879009879	0.8023882178427634	1.0	2000	1942	58	sequence_family	14
integrin	0.7	family	markov	average_precision	0.6856728012842563	0.27214285714285713	0.8586902794175517	2000	1985	15	sequence_family	9
integrin	0.7	random	markov	average_precision	0.7476599807714359	0.27214285714285713	0.8435212842712831	2000	1985	15	sequence_family	9
integrin	0.7	naive_sequence_random	markov	average_precision	0.7017141391381418	0.41666666666666663	0.9404761904761905	2000	1962	38	sequence_family	8
integrin	0.8	family	markov	average_precision	0.7452940134054685	0.5237022669899386	0.9204161695748831	2000	2000	0	sequence_family	24
integrin	0.8	random	markov	average_precision	0.7476599807714359	0.5247327519825163	0.9238711802122809	2000	2000	0	sequence_family	24
integrin	0.8	naive_sequence_random	markov	average_precision	0.7017141391381418	0.515390668438795	0.9371196707427909	2000	1996	4	sequence_family	24
integrin	0.9	family	markov	average_precision	0.7452940134054685	0.5137558166382495	0.9249971263226182	2000	2000	0	sequence_family	24
integrin	0.9	random	markov	average_precision	0.7476599807714359	0.511164742764975	0.9261280230991915	2000	2000	0	sequence_family	24
integrin	0.9	naive_sequence_random	markov	average_precision	0.7017141391381418	0.49631601420330884	0.9257399936525902	2000	2000	0	sequence_family	24
tg2	0.7	family	markov	average_precision	0.9846415489272631	0.9843137254901961	1.0	2000	1420	580	sequence_family	3
tg2	0.7	random	markov	average_precision	0.8701265004836434	0.8338789682539683	0.8802741886381593	2000	1420	580	sequence_family	3
tg2	0.7	naive_sequence_random	markov	average_precision	0.6662760850260849	0.5583221408221408	0.7019288484624618	2000	1344	656	sequence_family	4
tg2	0.8	family	markov	average_precision	0.8701265004836434	0.7822631072631072	0.9104020396037203	2000	1314	686	sequence_family	6
tg2	0.8	random	markov	average_precision	0.8701265004836434	0.7822631072631072	0.9104020396037203	2000	1314	686	sequence_family	6
tg2	0.8	naive_sequence_random	markov	average_precision	0.6662760850260849	0.42524486921808347	0.903350192070933	2000	1944	56	sequence_family	9
tg2	0.9	family	markov	average_precision	0.8701265004836434	0.7895764074860715	0.8883547008547009	2000	1281	719	sequence_family	14
tg2	0.9	random	markov	average_precision	0.8701265004836434	0.7895764074860715	0.8883547008547009	2000	1281	719	sequence_family	14
tg2	0.9	naive_sequence_random	markov	average_precision	0.6662760850260849	0.4851533882783883	0.8973792873792873	2000	1942	58	sequence_family	14
