url	accession	retrieval_timestamp	size_bytes	provider_checksum	local_md5	local_sha256	local_path
https://api.github.com/repos/hmdlab/raptgen		2026-10-03T12:53:53.869267+00:00	15988		e88022498e0286127b296834d4135430	72e2fef635b7baaeb2bdd4b1d138d8c362d7d9ed28a7a870b72f1e020c91b39c	data\external\raptgen\repository.json
https://api.github.com/repos/hmdlab/raptgen/commits?per_page=1		2026-10-03T12:53:54.498071+00:00	3366		2b4e967ef701fe7c195383599c689b59	3e757886e2b531c30ac0eee419235d2a3d8c1d961f35d0d089f81e5b5de1a2c2	data\external\raptgen\commits.json
https://api.github.com/repos/hmdlab/raptgen/git/trees/HEAD?recursive=1		2026-10-03T12:53:54.957504+00:00	18615		77535aa4de44796276fafaa090d5d35e	a7db5e2047d4e87aa219342b5fecdcb06cdb9d080812df6a979c9c95e60b4bc0	data\external\raptgen\tree.json
https://api.github.com/repos/wz-create/AptaDiff		2026-10-03T12:53:55.519792+00:00	5046		2d049f1f84e0f9c47a86e336f3b484b6	69774139a6c67a8878c1d6e0d04b1e6ab479fce0cca599028449ced2423e2c6e	data\external\aptadiff\repository.json
https://api.github.com/repos/wz-create/AptaDiff/commits?per_page=1		2026-10-03T12:53:57.000891+00:00	3995		b8e4762a12942daa2763ad5c05d3f0c8	48611d700437e466c03bea9f85b288a36f792345ab119f88b5f6dab74a62ad62	data\external\aptadiff\commits.json
https://api.github.com/repos/wz-create/AptaDiff/git/trees/HEAD?recursive=1		2026-10-03T12:53:58.172208+00:00	16439		a2932984400ea0f7c58387eb26019790	4e15b67fd6934234251d2495f1a8aa36eea3038bb4c3471d1b964f2fecfbc8e7	data\external\aptadiff\tree.json
https://api.github.com/repos/zhimingzhang275/InstructNA		2026-10-03T12:53:58.617505+00:00	5486		2b20f847a8e421c79382ac804f77c416	2f5c891945642fb4d9d06eb877a780fdc53586a0456deb03c55218cc222653d1	data\external\instructna\repository.json
https://api.github.com/repos/zhimingzhang275/InstructNA/commits?per_page=1		2026-10-03T12:53:59.306263+00:00	3461		d91dd9d16e98e80325b98687173d4481	dc235f6de6c5e991277d2380079a0e450ddd018e78e9b5a3b441525260a6a92a	data\external\instructna\commits.json
https://api.github.com/repos/zhimingzhang275/InstructNA/git/trees/HEAD?recursive=1		2026-10-03T12:53:59.738915+00:00	13379		e0be59364033d75c7559a5e600425bf7	72c8c7a7dc9fef2fc8e7c8209809830bb22b18650a0ae71ebc30ffd3d8be9e5f	data\external\instructna\tree.json
https://ddbj.nig.ac.jp/resource/sra-submission/DRA009383.xml	DRA009383	2026-10-03T12:54:02.813314+00:00	4774		41fa018100c55d0f50f7aa32d690678d	8fbfc74ab001066c4a7108086794caa39a6f1a583bf05e7a96fc0f2ed5243810	data\external\DRA009383.xml
https://ddbj.nig.ac.jp/resource/sra-submission/DRA009384.xml	DRA009384	2026-10-03T12:54:04.076407+00:00	4774		41fa018100c55d0f50f7aa32d690678d	8fbfc74ab001066c4a7108086794caa39a6f1a583bf05e7a96fc0f2ed5243810	data\external\DRA009384.xml
https://www.ebi.ac.uk/europepmc/webservices/rest/PMC7641312/fullTextXML		2026-10-03T12:54:06.786502+00:00	112703		e9b810884ac82b1b207a1cac51a739b8	266bbfa96c49d527f9e11b17f09770e99f51471af4758e882b1f3c340f7a4fbc	data\external\raptranker.xml
https://api.github.com/repos/hmdlab/raptgen		2026-10-03T12:55:17.293522+00:00	15988		e88022498e0286127b296834d4135430	72e2fef635b7baaeb2bdd4b1d138d8c362d7d9ed28a7a870b72f1e020c91b39c	data\external\raptgen\repository.json
https://api.github.com/repos/hmdlab/raptgen/commits?per_page=1		2026-10-03T12:55:17.669223+00:00	3366		2b4e967ef701fe7c195383599c689b59	3e757886e2b531c30ac0eee419235d2a3d8c1d961f35d0d089f81e5b5de1a2c2	data\external\raptgen\commits.json
https://api.github.com/repos/hmdlab/raptgen/git/trees/HEAD?recursive=1		2026-10-03T12:55:18.403221+00:00	18615		77535aa4de44796276fafaa090d5d35e	a7db5e2047d4e87aa219342b5fecdcb06cdb9d080812df6a979c9c95e60b4bc0	data\external\raptgen\tree.json
https://api.github.com/repos/wz-create/AptaDiff		2026-10-03T12:55:18.801045+00:00	5046		2d049f1f84e0f9c47a86e336f3b484b6	69774139a6c67a8878c1d6e0d04b1e6ab479fce0cca599028449ced2423e2c6e	data\external\aptadiff\repository.json
https://api.github.com/repos/wz-create/AptaDiff/commits?per_page=1		2026-10-03T12:55:19.285300+00:00	3995		b8e4762a12942daa2763ad5c05d3f0c8	48611d700437e466c03bea9f85b288a36f792345ab119f88b5f6dab74a62ad62	data\external\aptadiff\commits.json
https://api.github.com/repos/wz-create/AptaDiff/git/trees/HEAD?recursive=1		2026-10-03T12:55:19.722278+00:00	16439		a2932984400ea0f7c58387eb26019790	4e15b67fd6934234251d2495f1a8aa36eea3038bb4c3471d1b964f2fecfbc8e7	data\external\aptadiff\tree.json
https://api.github.com/repos/zhimingzhang275/InstructNA		2026-10-03T12:55:20.142085+00:00	5486		2b20f847a8e421c79382ac804f77c416	2f5c891945642fb4d9d06eb877a780fdc53586a0456deb03c55218cc222653d1	data\external\instructna\repository.json
https://api.github.com/repos/zhimingzhang275/InstructNA/commits?per_page=1		2026-10-03T12:55:20.589620+00:00	3461		d91dd9d16e98e80325b98687173d4481	dc235f6de6c5e991277d2380079a0e450ddd018e78e9b5a3b441525260a6a92a	data\external\instructna\commits.json
https://api.github.com/repos/zhimingzhang275/InstructNA/git/trees/HEAD?recursive=1		2026-10-03T12:55:21.066287+00:00	13379		e0be59364033d75c7559a5e600425bf7	72c8c7a7dc9fef2fc8e7c8209809830bb22b18650a0ae71ebc30ffd3d8be9e5f	data\external\instructna\tree.json
https://ddbj.nig.ac.jp/resource/sra-submission/DRA009383.xml	DRA009383	2026-10-03T12:55:23.359879+00:00	4774		41fa018100c55d0f50f7aa32d690678d	8fbfc74ab001066c4a7108086794caa39a6f1a583bf05e7a96fc0f2ed5243810	data\external\DRA009383.xml
https://ddbj.nig.ac.jp/resource/sra-submission/DRA009384.xml	DRA009384	2026-10-03T12:55:24.650948+00:00	4774		41fa018100c55d0f50f7aa32d690678d	8fbfc74ab001066c4a7108086794caa39a6f1a583bf05e7a96fc0f2ed5243810	data\external\DRA009384.xml
https://www.ebi.ac.uk/europepmc/webservices/rest/PMC7641312/fullTextXML		2026-10-03T12:55:26.996206+00:00	112703		e9b810884ac82b1b207a1cac51a739b8	266bbfa96c49d527f9e11b17f09770e99f51471af4758e882b1f3c340f7a4fbc	data\external\raptranker.xml
https://www.ebi.ac.uk/europepmc/webservices/rest/PMC11491854/fullTextXML		2026-10-03T12:55:29.939718+00:00	225740		a82ad3b96664ab3694e313a590d93b2c	f3a844015f9e4af4a914ba71cbc45652422b56803a0c3566b08002773fadfc9e	data\external\aptadiff.xml
https://www.ebi.ac.uk/ena/portal/api/search?result=read_run&query=submission_accession%3D%22DRA009383%22&fields=run_accession%2Cexperiment_accession%2Csample_accession%2Cstudy_accession%2Cstudy_title%2Cexperiment_title%2Csample_title%2Cfastq_ftp%2Cfastq_md5%2Cfastq_bytes%2Cread_count&format=tsv		2026-10-03T12:56:56.122661+00:00	2811		156e4991d89d2a00de0f459388656e5f	ca2904c9f67bbe19df5a7a9e4d7282fb372a2d8c1d62e7811aa9e4996c08f57f	data\external\DRA009383.ena.tsv
https://www.ebi.ac.uk/ena/portal/api/search?result=read_run&query=submission_accession%3D%22DRA009384%22&fields=run_accession%2Cexperiment_accession%2Csample_accession%2Cstudy_accession%2Cstudy_title%2Cexperiment_title%2Csample_title%2Cfastq_ftp%2Cfastq_md5%2Cfastq_bytes%2Cread_count&format=tsv		2026-10-03T12:56:57.852885+00:00	1352		078bdbf4102402d8bf5c5e575636f60e	fed9ba027770f34e1f5c1bf654abd01a85f126a0d2ae5c4036b794c7fe745df8	data\external\DRA009384.ena.tsv
https://pypi.org/pypi/ViennaRNA/json		2026-10-03T12:57:21.441522+00:00	206554		be6671882c556e218fa8ab4c3535ab18	0b508727e405e8234ec25e6efe01d0b809ff7483e9b83758eb6c03d8157f4738	data\external\pypi\ViennaRNA.json
https://pypi.org/pypi/numpy/json		2026-10-03T12:57:26.275025+00:00	3672920		fad95e68a043b86b51a5d6ef69aefb48	40bad754effea010689914df20e0310d227058384ac2e3b7387e883d7c61fde0	data\external\pypi\numpy.json
https://pypi.org/pypi/scipy/json		2026-10-03T12:57:29.160698+00:00	2293966		245956bc34966cbd7049f458164ed1dc	a9536ee9b16019746a6ae0e47388eb39311914ff676960cc42beb45cbafe4ed5	data\external\pypi\scipy.json
https://pypi.org/pypi/scikit-learn/json		2026-10-03T12:57:31.086497+00:00	1422044		4bcaf2f7007e9efbcd5304db2b6130c4	7f2c77f9da0b1765ccd00fe236628488f1645a0e8d14e2f38bdcc85d2ea477dd	data\external\pypi\scikit-learn.json
https://pypi.org/pypi/matplotlib/json		2026-10-03T12:57:33.820745+00:00	2499685		a12d1f8461347b1bea0d2411ac2e025a	6eb1ddeb8f868a44ee9017e2228f2adbf86c55080b43279f38b4b1ffde79891a	data\external\pypi\matplotlib.json
https://pypi.org/pypi/PyYAML/json		2026-10-03T12:57:35.087175+00:00	558621		1437fc42f0754d3e1151c2fbbd7d0e50	d0c463a86ed24144dd112fd1fe43b7c208e52c7d3903c2f51c84acfb5b10c749	data\external\pypi\PyYAML.json
https://pypi.org/pypi/pytest/json		2026-10-03T12:57:35.690349+00:00	282699		eee8a3916d539cbc205ea9babca6cc11	203f15ce63523ec5dbbf3462328c7e26d9903240a5f7b1782d36b8f9f388bfac	data\external\pypi\pytest.json
https://pypi.org/pypi/psutil/json		2026-10-03T12:57:37.362420+00:00	1211023		ddf8bc1b2b14ff113b3ac2c672438c1b	3afe72fc20f2a965118da21efa973e1ff79fedcb46c6709557d2ee858b7aa015	data\external\pypi\psutil.json
https://pypi.org/pypi/pypdf/json		2026-10-03T12:57:37.870908+00:00	178771		5aa8c698892aaf253652230dfc4c17bf	30e1c78b0219f8224f8d0bfcb93b4092d78e5cea8b7363d8775cf0a41a15f843	data\external\pypi\pypdf.json
https://oup.silverchair-cdn.com/oup/backfile/Content_public/Journal/nar/48/14/10.1093_nar_gkaa484/2/gkaa484_supplemental_file.pdf?Expires=2147483647&Key-Pair-Id=APKAIE5G5CRDK6RD3PGA&Signature=oftgbjSTc2kY8tnC9FlAXtizeAEfhTN1Rh-rBDyk~-Gz~u3VsEBszccmYbZDXh7MudW4vuml3eP~RjGVSoSvcyvB~e2eSt7HrKmbIw7nPhso4SW8YNjl8QKeor5z~QGwrGC~IfjiK3E9Iq0pnLLnrDo8b55kT0xHbOF7kPWlvnkqlRxvDxENWu5Kn9KZe0~olRbLr3Joneom~ZHHRwN1u3vcbhZV2F9VINQY~qsx2fMp6TKdxx5nW8n9e0JUrbmCNbTIBH7Us7EX~Bke7aacBm~q4GHhqT0O-VpJJ~g9pCeLD~00YTpBG2Yb0ptiHRPlWHmf4XwJAHPp6ov-WhkutQ__		2026-10-03T12:57:40.899189+00:00	1341157		00cffa5308a0c17437ade42115c5859b	f829389e065d399ab68fb6be8a88469f22e9305c63c04a5f2e81668764300784	data\external\raptranker_supplement.pdf
https://pypi.org/pypi/rapidfuzz/json		2026-10-03T12:57:49.648415+00:00	8980125		fd7b4065fd2fdc9a0dfc6bd5308259b1	d02b35c37ee8c4bf0d9c963161b56fe14b4f0a39c9ade62f7c5a2c36ea2b593d	data\external\pypi\rapidfuzz.json
https://pypi.org/pypi/shellcheck_py/json		2026-10-03T12:57:50.407899+00:00	51930		8c3b10ffb430a1c5db2c2c0dd5abfcbe	5bf52a13b9f03df31c81870c9999468e7ec2e682c07159f6c217292e3c26eeca	data\external\pypi\shellcheck_py.json
https://raw.githubusercontent.com/hmdlab/raptgen/c4986ca9fa439b9389916c05829da4ff9c30d6f3/Dockerfile		2026-10-03T12:58:12.586218+00:00	758		fd0939e067c357efa3ff6f927c843ab8	afce4992d198152579623e8bb3c887b655827e0350e71fc90eac24990b5113c7	data\external\raptgen\Dockerfile
https://raw.githubusercontent.com/hmdlab/raptgen/c4986ca9fa439b9389916c05829da4ff9c30d6f3/LICENSE		2026-10-03T12:58:13.037469+00:00	1070		56fa9e918ebe6923ccf95a04661e8a33	51bccaa78dabe7c1ba5842d19843fcf0c2b4a75e1529ae8a572f0e72794db5d6	data\external\raptgen\LICENSE
https://raw.githubusercontent.com/hmdlab/raptgen/c4986ca9fa439b9389916c05829da4ff9c30d6f3/Pipfile		2026-10-03T12:58:13.478521+00:00	496		bc4c6fc876ac466d60df7b7e9e7e8c78	03e6b2f67f04e33f1403d2826e8bdebd1157c7c6c88905505675de69d9fab5f9	data\external\raptgen\Pipfile
https://raw.githubusercontent.com/hmdlab/raptgen/c4986ca9fa439b9389916c05829da4ff9c30d6f3/README.md		2026-10-03T12:58:13.872901+00:00	14503		264ccc9881a4ffb24b44f2e211b84223	6d45e32eef56a26fb241a118281161b1ab5c528e56bf58d80554d795bf805104	data\external\raptgen\README.md
https://raw.githubusercontent.com/hmdlab/raptgen/c4986ca9fa439b9389916c05829da4ff9c30d6f3/scripts/decode.py		2026-10-03T12:58:14.277129+00:00	4313		fbc010a314ac53ecda4e94091dc8a638	ea404853f125b6d289d12835a9afdbf5d4d43509eacaa874f821302ac401df85	data\external\raptgen\scripts\decode.py
https://raw.githubusercontent.com/hmdlab/raptgen/c4986ca9fa439b9389916c05829da4ff9c30d6f3/scripts/gmm.py		2026-10-03T12:58:14.730846+00:00	2617		f7fd6232f1d163b7d90296252a901a0a	279fd17a5264ea53eb634e29b89688d52d8714a23902c52690cd817495856d99	data\external\raptgen\scripts\gmm.py
https://raw.githubusercontent.com/hmdlab/raptgen/c4986ca9fa439b9389916c05829da4ff9c30d6f3/scripts/real.py		2026-10-03T12:58:15.108685+00:00	4114		91635457d2106847ce2ce349a9968be6	392ed43b0a611799732927d5524164d9369537e3e15d0cb8cf8fa841420305cd	data\external\raptgen\scripts\real.py
https://raw.githubusercontent.com/wz-create/AptaDiff/ff2719c7840c18d2b912fd9fa4953ca5bd0f5602/README.md		2026-10-03T12:58:15.555573+00:00	5322		a68e6f7f058c3771d066cd41bc090ea3	fc95c2ac50cfff8fb29da68ffbf25f7463cc162fb6675b6168a04f2285172232	data\external\aptadiff\README.md
https://raw.githubusercontent.com/wz-create/AptaDiff/ff2719c7840c18d2b912fd9fa4953ca5bd0f5602/data/raw_data/datasetA_IGFBP3_P6.csv		2026-10-03T12:58:16.204650+00:00	546110		68a3c4ea581a9fd23299dae19196eeb8	ec970c478aaba1aa089ecbaf7f5bc8aa7a11f6eacd0f7b3d3c418de6a27e8c77	data\external\aptadiff\data\raw_data\datasetA_IGFBP3_P6.csv
https://raw.githubusercontent.com/wz-create/AptaDiff/ff2719c7840c18d2b912fd9fa4953ca5bd0f5602/data/raw_data/datasetB_PTK7_P6.csv		2026-10-03T12:58:16.904057+00:00	453364		25873fe610e612d8782e0603188f5ebe	546de810e34035731502caf6476c73cc06feab8156ec8178efaade2d21bf4d72	data\external\aptadiff\data\raw_data\datasetB_PTK7_P6.csv
https://raw.githubusercontent.com/wz-create/AptaDiff/ff2719c7840c18d2b912fd9fa4953ca5bd0f5602/data/raw_data/datasetC.fastq		2026-10-03T12:58:19.025310+00:00	15694590		6b6ce43c05c33779a19c51ab64699bd5	5008fb291f4394b4c7a7cf3dbf92837102967b517e1f7f8764fc14a740f06e94	data\external\aptadiff\data\raw_data\datasetC.fastq
https://raw.githubusercontent.com/wz-create/AptaDiff/ff2719c7840c18d2b912fd9fa4953ca5bd0f5602/data/raw_data/datasetD.fastq		2026-10-03T12:58:22.080951+00:00	24611149		b6b8447c8fabac555da4719d7d83172c	d23476b3a5b9a67da0137364e7ec6c09d6656340b8a4328268bc9b0f22323180	data\external\aptadiff\data\raw_data\datasetD.fastq
https://raw.githubusercontent.com/wz-create/AptaDiff/ff2719c7840c18d2b912fd9fa4953ca5bd0f5602/requirements.txt		2026-10-03T12:58:22.524881+00:00	190		d8a2ef30071c997b32145be9a58da271	2f7c37311fe0cd8e22a1dbbb0df8889af6a3ba449244bf5dfa822b0e654809aa	data\external\aptadiff\requirements.txt
https://raw.githubusercontent.com/zhimingzhang275/InstructNA/89b1e68e130620f5fe76458683d7f5f98404f81a/README.md		2026-10-03T12:58:22.992248+00:00	6991		25bf208cf3076c7505e2cb09215cd035	8a9768d683daa686548881eb0c8c1b251bab3a1ac0dcc5d3680df4dfcdaad884	data\external\instructna\README.md
https://raw.githubusercontent.com/zhimingzhang275/InstructNA/89b1e68e130620f5fe76458683d7f5f98404f81a/requirements.txt		2026-10-03T12:58:23.455525+00:00	2097		fa8bc85fdee0d3d002edf43fba7e4d0c	ba2e2022a5a22164db6c29bf854dc4106fea4b3cc87376d234396e11146c9cc9	data\external\instructna\requirements.txt
https://www.ebi.ac.uk/ena/browser/api/xml/DRX192267	DRX192267	2026-10-03T13:05:51.322155+00:00	2956		20327943d59f8a7778bdf8e0807d3f0f	cf4b7b07dadb6f4baac58482a9987f3dcabe2ee819e1fb82ebeb609ab96b6879	data\external\experiments\DRX192267.xml
https://www.ebi.ac.uk/ena/browser/api/xml/DRX192260	DRX192260	2026-10-03T13:05:52.460456+00:00	2956		3079b018a60ebd6f1c5a122354a78a50	3876378c019132ddb36d781cfa588ae3946f856a74bf88d40cb46aba55d6fda2	data\external\experiments\DRX192260.xml
https://www.ebi.ac.uk/ena/browser/api/xml/DRX192263	DRX192263	2026-10-03T13:05:53.628830+00:00	2956		ea89441acfb15809710ac500aae36651	08200f7b7d4aae13726c0882fcd5c9f0dab2d5f054940c34780ca8c0649a58a8	data\external\experiments\DRX192263.xml
https://www.ebi.ac.uk/ena/browser/api/xml/DRX192264	DRX192264	2026-10-03T13:05:54.749930+00:00	2956		d8041f2b3c7523771f9ecfc2ebf15e2e	b5c8e63665fbe56e10640dafbde1a5f288fdd59909bcc9e93f9c802357906137	data\external\experiments\DRX192264.xml
https://www.ebi.ac.uk/ena/browser/api/xml/DRX192261	DRX192261	2026-10-03T13:05:56.269680+00:00	2956		7238da49c4c92dffc4efc031aec2a24e	cf526ccbca5ef90494cf2ef5efc0d107e6c64c448385ba2a76b5eda854fae1c9	data\external\experiments\DRX192261.xml
https://www.ebi.ac.uk/ena/browser/api/xml/DRX192262	DRX192262	2026-10-03T13:05:57.408452+00:00	2956		e819ad5dcc7b6020bdefa044709eaeab	563d083ca3b1b1f60d867b593f448df4a77dade74180cc81d7005211457b4bc6	data\external\experiments\DRX192262.xml
https://www.ebi.ac.uk/ena/browser/api/xml/DRX192265	DRX192265	2026-10-03T13:06:04.802895+00:00	2956		d479c0d8d34ce522ea33fd4f47bfd934	d6bb72ff3c14b95479ec5909021905c0d9e80d228708fe2813cdcae01cc8acc9	data\external\experiments\DRX192265.xml
https://www.ebi.ac.uk/ena/browser/api/xml/DRX192266	DRX192266	2026-10-03T13:06:06.210326+00:00	2956		c6bce1128fd9690ad609b77bca2f14f8	0712b440b3119dc18648b0288797d13bcaa2f41d154fecc078c9fde7f202f32f	data\external\experiments\DRX192266.xml
https://www.ebi.ac.uk/ena/browser/api/xml/DRX192268	DRX192268	2026-10-03T13:06:07.543738+00:00	2956		aae5bf370f16f390a99443bac1529343	ec776b3f4fa29cc6c7606468ffa26bb49ed3a9288adb9fd378775d10a1b38122	data\external\experiments\DRX192268.xml
https://www.ebi.ac.uk/ena/browser/api/xml/DRX192271	DRX192271	2026-10-03T13:06:08.860199+00:00	2956		eb4e163d679ccf74e66c89dad4e9b167	7677c9e75d87e38a42ebeee3154afa0184a08441e8f9310714011220b431bf72	data\external\experiments\DRX192271.xml
https://www.ebi.ac.uk/ena/browser/api/xml/DRX192272	DRX192272	2026-10-03T13:06:10.553504+00:00	2956		1d5d3ee43a77cec08acd1599b5ae5d5c	28c8589c563257cc6eedec355bcbe3040082cb176d097dc04f3140a33600e22d	data\external\experiments\DRX192272.xml
https://www.ebi.ac.uk/ena/browser/api/xml/DRX192269	DRX192269	2026-10-03T13:06:11.757200+00:00	2956		ed7e8238801dc8aeb934e23400fac688	c54de88a637fc80d959dd38bbf7faea42066baaa0421e67c917fcb543207a153	data\external\experiments\DRX192269.xml
https://www.ebi.ac.uk/ena/browser/api/xml/DRX192270	DRX192270	2026-10-03T13:06:12.955189+00:00	2956		f343e0cf8a96902dcd123e7f442c02f9	4a255607ed32bdcaa7ada232e77f74f56b4df8381018787d3763035256340ef6	data\external\experiments\DRX192270.xml
https://ftp.sra.ebi.ac.uk/vol1/fastq/DRR201/DRR201870/DRR201870.fastq.gz	DRR201870	2026-10-03T13:11:24.174141+00:00	9730151	1a2a2ac925ecbea1cfbec32a2a4f569e	1a2a2ac925ecbea1cfbec32a2a4f569e	c6feb00c06321e77f5f8520d1a7b2dd06f4d560f317c847e43b9b2c5f903727d	data\raw\DRR201870.fastq.gz
https://ftp.sra.ebi.ac.uk/vol1/fastq/DRR201/DRR201871/DRR201871.fastq.gz	DRR201871	2026-10-03T13:13:06.022184+00:00	7903686	dbf456d7430f07ed537ebf48047deefe	dbf456d7430f07ed537ebf48047deefe	05ef18501bd51d82cf0db23720245b0f2a9b0374866affd765e5035e36ef72c6	data\raw\DRR201871.fastq.gz
https://ftp.sra.ebi.ac.uk/vol1/fastq/DRR201/DRR201872/DRR201872.fastq.gz	DRR201872	2026-10-03T13:13:38.769692+00:00	7399524	242815a11c9815bf298cd49165dc7847	242815a11c9815bf298cd49165dc7847	325586b11be355d7ae58fdd6b24b651373394fff3457f2d92017ceec3c3cfeb0	data\raw\DRR201872.fastq.gz
https://ftp.sra.ebi.ac.uk/vol1/fastq/DRR201/DRR201873/DRR201873.fastq.gz	DRR201873	2026-10-03T13:14:06.459531+00:00	4810097	f1fcd899616bd29c4dddd9fb377729b0	f1fcd899616bd29c4dddd9fb377729b0	809f70e48099349b5d3381a36766e31f6d82cd9322416bad6dd2c2f962b451b0	data\raw\DRR201873.fastq.gz
https://ftp.sra.ebi.ac.uk/vol1/fastq/DRR201/DRR201861/DRR201861.fastq.gz	DRR201861	2026-10-03T13:14:41.917988+00:00	9175150	9fe2f1d436f7db3644156bdf862e1649	9fe2f1d436f7db3644156bdf862e1649	3a45a507da609a16c15d3fbcd1fd9aa104872f660037451367b6038afc4f7821	data\raw\DRR201861.fastq.gz
https://ftp.sra.ebi.ac.uk/vol1/fastq/DRR201/DRR201862/DRR201862.fastq.gz	DRR201862	2026-10-03T13:15:49.596172+00:00	5407090	67d969c477d5b1032d15ff2f39959b4e	67d969c477d5b1032d15ff2f39959b4e	ba07eed63c3e9144e3ebbe9087fb86cc7ec695331cb2e57105e8ace361a6b88f	data\raw\DRR201862.fastq.gz
https://ftp.sra.ebi.ac.uk/vol1/fastq/DRR201/DRR201863/DRR201863.fastq.gz	DRR201863	2026-10-03T13:16:25.291742+00:00	2699483	7c06b45fa4105398b3ee43d5098645d6	7c06b45fa4105398b3ee43d5098645d6	bf934602d90daf8f96d6ee2d21b0a1bcb495c7af9a03cf10cd00caa8725c0dde	data\raw\DRR201863.fastq.gz
https://ftp.sra.ebi.ac.uk/vol1/fastq/DRR201/DRR201864/DRR201864.fastq.gz	DRR201864	2026-10-03T13:16:47.309625+00:00	5404477	d475502f755e1c18d4e1f65f64de692e	d475502f755e1c18d4e1f65f64de692e	1fc72d3b08d592bc9699790dc7527a74e55a94788ab12dfd6b3bbdf6b5bd3229	data\raw\DRR201864.fastq.gz
https://ftp.sra.ebi.ac.uk/vol1/fastq/DRR201/DRR201865/DRR201865.fastq.gz	DRR201865	2026-10-03T13:17:01.626998+00:00	4743800	08e6de5e56e929a49d4be4e74312c3d7	08e6de5e56e929a49d4be4e74312c3d7	ed7086a8c1ebe28679bf41147d893d04d72136ded6cd1de7f65e26e6843d15ac	data\raw\DRR201865.fastq.gz
https://ftp.sra.ebi.ac.uk/vol1/fastq/DRR201/DRR201866/DRR201866.fastq.gz	DRR201866	2026-10-03T13:17:27.971697+00:00	6115536	a60c6a4866832fab714d11cd79eb968a	a60c6a4866832fab714d11cd79eb968a	447669d70c1da3dbed9d1cd985060d8b2f4f278c0e21ec1317dc9af6bbc22351	data\raw\DRR201866.fastq.gz
https://ftp.sra.ebi.ac.uk/vol1/fastq/DRR201/DRR201867/DRR201867.fastq.gz	DRR201867	2026-10-03T13:17:41.854886+00:00	5257584	22932ea12aae85a1e84481eefcd746e9	22932ea12aae85a1e84481eefcd746e9	abaddff82956b336e505c22bd20e37c1e2bce9a9ce3c98a8a4c57d4378d6f816	data\raw\DRR201867.fastq.gz
https://ftp.sra.ebi.ac.uk/vol1/fastq/DRR201/DRR201868/DRR201868.fastq.gz	DRR201868	2026-10-03T13:17:51.837646+00:00	2623965	a322b3fbe71738f5858330eb40dedf59	a322b3fbe71738f5858330eb40dedf59	33d062c7ad0a12acff280d1102c37ce62fc1f27853ca28e50b1c9785d6f82cf3	data\raw\DRR201868.fastq.gz
https://ftp.sra.ebi.ac.uk/vol1/fastq/DRR201/DRR201869/DRR201869.fastq.gz	DRR201869	2026-10-03T13:18:06.242368+00:00	5704958	ca7abe683096dd3f6c8eaacde4c35da1	ca7abe683096dd3f6c8eaacde4c35da1	2215f81e4cee6f60548c14717cdf8786249abb84fc8741b7b973a581136cf8b8	data\raw\DRR201869.fastq.gz
https://raw.githubusercontent.com/hmdlab/raptgen/c4986ca9fa439b9389916c05829da4ff9c30d6f3/raptgen/data.py		2026-10-03T13:20:42.536288+00:00	43214		b5d8d3623476badad5eb49a0614a4bbd	cb6e426a50d5b84f1019b079a4823bd06669109e625421fd111db10d9faad947	data\external\raptgen\raptgen\data.py
https://raw.githubusercontent.com/hmdlab/raptgen/c4986ca9fa439b9389916c05829da4ff9c30d6f3/raptgen/models.py		2026-10-03T13:20:42.970959+00:00	34064		8ad8551a88751106af6becc8cdcd355e	6669667bee61b6b5783e6136827d56a4ac8eee0db4037f5c857cccadb10eb32c	data\external\raptgen\raptgen\models.py
