target	method	seed	raw_generations	valid_generations	unique_generations	duplicates	requested_unique_budget	status	exact_test_recovery	test_family_recovery	positive_test_family_recovery	constant_region_contamination	mean_training_identity	mean_nearest_edit_distance	mean_length	gc_fraction	exact_training_copies	output_sha256
integrin	markov	11	10000	10000	10000	0	10000	complete	0	0	0	0	0.601483965297334	16.0176	39.9143	0.5489636546300448	0	8e091e011e27ff8b4b530ff84006efc0e2c530962b2a7af25bb2e6f6b16b4dea
integrin	markov	23	10000	10000	10000	0	10000	complete	0	0	0	0	0.6012183268863773	16.0289	39.9236	0.5459076836758208	0	184eb1987dc6ee0a6d985ccaf2e8546c7808ffd87bd8f9aea4424172dfd710e0
integrin	markov	37	10000	10000	10000	0	10000	complete	0	0	0	0	0.6010823685016757	16.0384	39.9105	0.5487703737111788	0	599f0598c2a0b9633f44bb4252fff013e2dd33da44b054c4dd7611c0292c35f2
integrin	markov	53	10000	10000	10000	0	10000	complete	0	0	0	0	0.6007418470912217	16.0516	39.9089	0.549195793419513	0	3815de1077328a3f113437f6a8187bb600749e43c33fb6d03e92f82c838a4b04
integrin	markov	71	10000	10000	10000	0	10000	complete	0	0	0	0	0.6004698848294733	16.0558	39.909	0.5479039815580445	0	af917e6978ab50701ea25280fa4a3edaa2e4c931294f95fbfa8c13a8851cceca
tg2	markov	11	10000	10000	10000	0	10000	complete	0	0	0	0	0.6119387356019305	11.7835	30.0535	0.4682216713527543	0	7431dff06f0c544088ddf8885f001c281c8719162e0289018f1c3ebf43b05942
tg2	markov	23	10000	10000	10000	0	10000	complete	0	0	0	0	0.6116446433300036	11.7944	30.0521	0.468003899893851	0	e8b487897fce73d0aff8704392848e9acfc964fbe9e2f253d6b9218c59c1f0d6
tg2	markov	37	10000	10000	10000	0	10000	complete	0	0	0	0	0.6117964142855797	11.7863	30.0565	0.46783224926388634	0	4b722501c971bc6290baf0c151d61eee3560b70d42c818a6b299daa0aff26601
tg2	markov	53	10000	10000	10000	0	10000	complete	0	0	0	0	0.6118321552228688	11.7865	30.059	0.46812601882963506	0	3eae6f4d4e3dfdd7ddef90a1c2e9255f07b01a3adb88487f4085a267645df42e
tg2	markov	71	10000	10000	10000	0	10000	complete	0	0	0	0	0.6125934962603455	11.7644	30.0579	0.4675309985062163	0	50332d83edf6481c33422546d68bd823a4f69980a9c893acb326d183789576d3
