target	method	seed	training_seed	source	source_commit	licence	context	architecture	training_data_hash	checkpoint_hash	environment	hardware	training_sequences	test_assay_values_used	output_sha256	status
integrin	markov	11	1729	repository scripts/generation.py	own_code	MIT	unsupervised_or_selex_only_generation	first_order_count_weighted_markov_add_one_smoothing	2303aa5a81fdc1919b8fc43c98206f769e0c81e900cc2780954170b48af1755c	1b3a48f71ce0c5287fc1967c90789360c43a06ef04d9f14f13b5bc5c09aae42d	local core	CPU	2202	no	8e091e011e27ff8b4b530ff84006efc0e2c530962b2a7af25bb2e6f6b16b4dea	complete
integrin	markov	23	1729	repository scripts/generation.py	own_code	MIT	unsupervised_or_selex_only_generation	first_order_count_weighted_markov_add_one_smoothing	2303aa5a81fdc1919b8fc43c98206f769e0c81e900cc2780954170b48af1755c	1b3a48f71ce0c5287fc1967c90789360c43a06ef04d9f14f13b5bc5c09aae42d	local core	CPU	2202	no	184eb1987dc6ee0a6d985ccaf2e8546c7808ffd87bd8f9aea4424172dfd710e0	complete
integrin	markov	37	1729	repository scripts/generation.py	own_code	MIT	unsupervised_or_selex_only_generation	first_order_count_weighted_markov_add_one_smoothing	2303aa5a81fdc1919b8fc43c98206f769e0c81e900cc2780954170b48af1755c	1b3a48f71ce0c5287fc1967c90789360c43a06ef04d9f14f13b5bc5c09aae42d	local core	CPU	2202	no	599f0598c2a0b9633f44bb4252fff013e2dd33da44b054c4dd7611c0292c35f2	complete
integrin	markov	53	1729	repository scripts/generation.py	own_code	MIT	unsupervised_or_selex_only_generation	first_order_count_weighted_markov_add_one_smoothing	2303aa5a81fdc1919b8fc43c98206f769e0c81e900cc2780954170b48af1755c	1b3a48f71ce0c5287fc1967c90789360c43a06ef04d9f14f13b5bc5c09aae42d	local core	CPU	2202	no	3815de1077328a3f113437f6a8187bb600749e43c33fb6d03e92f82c838a4b04	complete
integrin	markov	71	1729	repository scripts/generation.py	own_code	MIT	unsupervised_or_selex_only_generation	first_order_count_weighted_markov_add_one_smoothing	2303aa5a81fdc1919b8fc43c98206f769e0c81e900cc2780954170b48af1755c	1b3a48f71ce0c5287fc1967c90789360c43a06ef04d9f14f13b5bc5c09aae42d	local core	CPU	2202	no	af917e6978ab50701ea25280fa4a3edaa2e4c931294f95fbfa8c13a8851cceca	complete
tg2	markov	11	1729	repository scripts/generation.py	own_code	MIT	unsupervised_or_selex_only_generation	first_order_count_weighted_markov_add_one_smoothing	2303aa5a81fdc1919b8fc43c98206f769e0c81e900cc2780954170b48af1755c	c81b2824e6cbf8b85422964995e05fdf6b0650c2ba34d47b63e2eb2700eed0a8	local core	CPU	1810	no	7431dff06f0c544088ddf8885f001c281c8719162e0289018f1c3ebf43b05942	complete
tg2	markov	23	1729	repository scripts/generation.py	own_code	MIT	unsupervised_or_selex_only_generation	first_order_count_weighted_markov_add_one_smoothing	2303aa5a81fdc1919b8fc43c98206f769e0c81e900cc2780954170b48af1755c	c81b2824e6cbf8b85422964995e05fdf6b0650c2ba34d47b63e2eb2700eed0a8	local core	CPU	1810	no	e8b487897fce73d0aff8704392848e9acfc964fbe9e2f253d6b9218c59c1f0d6	complete
tg2	markov	37	1729	repository scripts/generation.py	own_code	MIT	unsupervised_or_selex_only_generation	first_order_count_weighted_markov_add_one_smoothing	2303aa5a81fdc1919b8fc43c98206f769e0c81e900cc2780954170b48af1755c	c81b2824e6cbf8b85422964995e05fdf6b0650c2ba34d47b63e2eb2700eed0a8	local core	CPU	1810	no	4b722501c971bc6290baf0c151d61eee3560b70d42c818a6b299daa0aff26601	complete
tg2	markov	53	1729	repository scripts/generation.py	own_code	MIT	unsupervised_or_selex_only_generation	first_order_count_weighted_markov_add_one_smoothing	2303aa5a81fdc1919b8fc43c98206f769e0c81e900cc2780954170b48af1755c	c81b2824e6cbf8b85422964995e05fdf6b0650c2ba34d47b63e2eb2700eed0a8	local core	CPU	1810	no	3eae6f4d4e3dfdd7ddef90a1c2e9255f07b01a3adb88487f4085a267645df42e	complete
tg2	markov	71	1729	repository scripts/generation.py	own_code	MIT	unsupervised_or_selex_only_generation	first_order_count_weighted_markov_add_one_smoothing	2303aa5a81fdc1919b8fc43c98206f769e0c81e900cc2780954170b48af1755c	c81b2824e6cbf8b85422964995e05fdf6b0650c2ba34d47b63e2eb2700eed0a8	local core	CPU	1810	no	50332d83edf6481c33422546d68bd823a4f69980a9c893acb326d183789576d3	complete
