target	method	seed	budget	exact_assay_recovery	family_recovery	positive_family_recovery	test_families	positive_test_families
integrin	markov	11	100	0	0	0	24	14
integrin	markov	11	500	0	0	0	24	14
integrin	markov	11	1000	0	0	0	24	14
integrin	markov	11	5000	0	0	0	24	14
integrin	markov	11	10000	0	0	0	24	14
integrin	markov	23	100	0	0	0	24	14
integrin	markov	23	500	0	0	0	24	14
integrin	markov	23	1000	0	0	0	24	14
integrin	markov	23	5000	0	0	0	24	14
integrin	markov	23	10000	0	0	0	24	14
integrin	markov	37	100	0	0	0	24	14
integrin	markov	37	500	0	0	0	24	14
integrin	markov	37	1000	0	0	0	24	14
integrin	markov	37	5000	0	0	0	24	14
integrin	markov	37	10000	0	0	0	24	14
integrin	markov	53	100	0	0	0	24	14
integrin	markov	53	500	0	0	0	24	14
integrin	markov	53	1000	0	0	0	24	14
integrin	markov	53	5000	0	0	0	24	14
integrin	markov	53	10000	0	0	0	24	14
integrin	markov	71	100	0	0	0	24	14
integrin	markov	71	500	0	0	0	24	14
integrin	markov	71	1000	0	0	0	24	14
integrin	markov	71	5000	0	0	0	24	14
integrin	markov	71	10000	0	0	0	24	14
tg2	markov	11	100	0	0	0	6	6
tg2	markov	11	500	0	0	0	6	6
tg2	markov	11	1000	0	0	0	6	6
tg2	markov	11	5000	0	0	0	6	6
tg2	markov	11	10000	0	0	0	6	6
tg2	markov	23	100	0	0	0	6	6
tg2	markov	23	500	0	0	0	6	6
tg2	markov	23	1000	0	0	0	6	6
tg2	markov	23	5000	0	0	0	6	6
tg2	markov	23	10000	0	0	0	6	6
tg2	markov	37	100	0	0	0	6	6
tg2	markov	37	500	0	0	0	6	6
tg2	markov	37	1000	0	0	0	6	6
tg2	markov	37	5000	0	0	0	6	6
tg2	markov	37	10000	0	0	0	6	6
tg2	markov	53	100	0	0	0	6	6
tg2	markov	53	500	0	0	0	6	6
tg2	markov	53	1000	0	0	0	6	6
tg2	markov	53	5000	0	0	0	6	6
tg2	markov	53	10000	0	0	0	6	6
tg2	markov	71	100	0	0	0	6	6
tg2	markov	71	500	0	0	0	6	6
tg2	markov	71	1000	0	0	0	6	6
tg2	markov	71	5000	0	0	0	6	6
tg2	markov	71	10000	0	0	0	6	6
