target	method	seed	sampled_pairs	sampling_seed	mean_pair_edit_identity	algorithm
integrin	markov	11	1000	1740	0.43369551432685294	1000_uniform_index_pairs_with_replacement_no_self_pairs; descriptive_QC_not_primary_endpoint
integrin	markov	23	1000	1752	0.4335898019980139	1000_uniform_index_pairs_with_replacement_no_self_pairs; descriptive_QC_not_primary_endpoint
integrin	markov	37	1000	1766	0.43038621049020936	1000_uniform_index_pairs_with_replacement_no_self_pairs; descriptive_QC_not_primary_endpoint
integrin	markov	53	1000	1782	0.4316079890809471	1000_uniform_index_pairs_with_replacement_no_self_pairs; descriptive_QC_not_primary_endpoint
integrin	markov	71	1000	1800	0.43430944490846646	1000_uniform_index_pairs_with_replacement_no_self_pairs; descriptive_QC_not_primary_endpoint
tg2	markov	11	1000	1740	0.4250864980077884	1000_uniform_index_pairs_with_replacement_no_self_pairs; descriptive_QC_not_primary_endpoint
tg2	markov	23	1000	1752	0.42741865709374055	1000_uniform_index_pairs_with_replacement_no_self_pairs; descriptive_QC_not_primary_endpoint
tg2	markov	37	1000	1766	0.4304865285923754	1000_uniform_index_pairs_with_replacement_no_self_pairs; descriptive_QC_not_primary_endpoint
tg2	markov	53	1000	1782	0.4286575557738517	1000_uniform_index_pairs_with_replacement_no_self_pairs; descriptive_QC_not_primary_endpoint
tg2	markov	71	1000	1800	0.4325111337934405	1000_uniform_index_pairs_with_replacement_no_self_pairs; descriptive_QC_not_primary_endpoint
