target	method	seed	length	candidates
integrin	markov	11	37	53
integrin	markov	11	38	81
integrin	markov	11	39	1165
integrin	markov	11	40	8159
integrin	markov	11	41	471
integrin	markov	11	42	58
integrin	markov	11	43	10
integrin	markov	11	44	3
integrin	markov	23	37	76
integrin	markov	23	38	61
integrin	markov	23	39	1080
integrin	markov	23	40	8209
integrin	markov	23	41	497
integrin	markov	23	42	63
integrin	markov	23	43	13
integrin	markov	23	44	1
integrin	markov	37	37	82
integrin	markov	37	38	80
integrin	markov	37	39	1167
integrin	markov	37	40	8102
integrin	markov	37	41	482
integrin	markov	37	42	70
integrin	markov	37	43	12
integrin	markov	37	44	5
integrin	markov	53	36	1
integrin	markov	53	37	83
integrin	markov	53	38	79
integrin	markov	53	39	1149
integrin	markov	53	40	8133
integrin	markov	53	41	483
integrin	markov	53	42	56
integrin	markov	53	43	10
integrin	markov	53	44	6
integrin	markov	71	35	1
integrin	markov	71	37	80
integrin	markov	71	38	68
integrin	markov	71	39	1159
integrin	markov	71	40	8151
integrin	markov	71	41	469
integrin	markov	71	42	57
integrin	markov	71	43	13
integrin	markov	71	44	2
tg2	markov	11	25	3
tg2	markov	11	26	1
tg2	markov	11	27	1
tg2	markov	11	28	4
tg2	markov	11	29	571
tg2	markov	11	30	8423
tg2	markov	11	31	903
tg2	markov	11	32	65
tg2	markov	11	33	17
tg2	markov	11	34	8
tg2	markov	11	35	4
tg2	markov	23	25	2
tg2	markov	23	26	2
tg2	markov	23	27	13
tg2	markov	23	28	9
tg2	markov	23	29	565
tg2	markov	23	30	8396
tg2	markov	23	31	906
tg2	markov	23	32	79
tg2	markov	23	33	19
tg2	markov	23	34	5
tg2	markov	23	35	4
tg2	markov	37	27	7
tg2	markov	37	28	9
tg2	markov	37	29	547
tg2	markov	37	30	8447
tg2	markov	37	31	872
tg2	markov	37	32	85
tg2	markov	37	33	23
tg2	markov	37	34	10
tg2	markov	53	25	2
tg2	markov	53	27	8
tg2	markov	53	28	14
tg2	markov	53	29	516
tg2	markov	53	30	8437
tg2	markov	53	31	919
tg2	markov	53	32	75
tg2	markov	53	33	20
tg2	markov	53	34	6
tg2	markov	53	35	3
tg2	markov	71	25	2
tg2	markov	71	27	6
tg2	markov	71	28	14
tg2	markov	71	29	563
tg2	markov	71	30	8404
tg2	markov	71	31	875
tg2	markov	71	32	100
tg2	markov	71	33	25
tg2	markov	71	34	7
tg2	markov	71	35	4
