target	threshold	strategy	training_sequences	test_sequences	test_families	exact_overlaps	family_overlaps	excluded_training_sequences	late_round_eligible	selected_pool	excluded_from_pool
tg2	0.7	family	569	15	3	0	0	1324	1893	1893	0
tg2	0.7	random	1882	15	3	0	3	11	1893	1893	0
tg2	0.7	naive_sequence_random	1880	15	4	0	4	13	1893	1893	0
tg2	0.8	family	1810	15	6	0	0	83	1893	1893	0
tg2	0.8	random	1882	15	6	0	5	11	1893	1893	0
tg2	0.8	naive_sequence_random	1880	15	9	0	7	13	1893	1893	0
tg2	0.9	family	1879	15	14	0	0	14	1893	1893	0
tg2	0.9	random	1882	15	14	0	3	11	1893	1893	0
tg2	0.9	naive_sequence_random	1880	15	14	0	6	13	1893	1893	0
integrin	0.7	family	835	25	9	0	0	1665	2559	2500	59
integrin	0.7	random	2476	25	9	0	9	24	2559	2500	59
integrin	0.7	naive_sequence_random	2476	24	8	0	8	24	2559	2500	59
integrin	0.8	family	2202	25	24	0	0	298	2559	2500	59
integrin	0.8	random	2476	25	24	0	24	24	2559	2500	59
integrin	0.8	naive_sequence_random	2476	24	24	0	24	24	2559	2500	59
integrin	0.9	family	2214	25	24	0	0	286	2559	2500	59
integrin	0.9	random	2476	25	24	0	24	24	2559	2500	59
integrin	0.9	naive_sequence_random	2476	24	24	0	23	24	2559	2500	59
