target	method	seed	quantity	quantile	value
integrin	markov	11	maximum_training_identity	0	0.525
integrin	markov	11	maximum_training_identity	0.25	0.575
integrin	markov	11	maximum_training_identity	0.5	0.6
integrin	markov	11	maximum_training_identity	0.75	0.625
integrin	markov	11	maximum_training_identity	1	0.7380952380952381
integrin	markov	11	nearest_edit_distance	0	11.0
integrin	markov	11	nearest_edit_distance	0.25	15.0
integrin	markov	11	nearest_edit_distance	0.5	16.0
integrin	markov	11	nearest_edit_distance	0.75	17.0
integrin	markov	11	nearest_edit_distance	1	20.0
integrin	markov	11	length	0	37.0
integrin	markov	11	length	0.25	40.0
integrin	markov	11	length	0.5	40.0
integrin	markov	11	length	0.75	40.0
integrin	markov	11	length	1	44.0
integrin	markov	23	maximum_training_identity	0	0.525
integrin	markov	23	maximum_training_identity	0.25	0.575
integrin	markov	23	maximum_training_identity	0.5	0.6
integrin	markov	23	maximum_training_identity	0.75	0.625
integrin	markov	23	maximum_training_identity	1	0.725
integrin	markov	23	nearest_edit_distance	0	11.0
integrin	markov	23	nearest_edit_distance	0.25	15.0
integrin	markov	23	nearest_edit_distance	0.5	16.0
integrin	markov	23	nearest_edit_distance	0.75	17.0
integrin	markov	23	nearest_edit_distance	1	19.0
integrin	markov	23	length	0	37.0
integrin	markov	23	length	0.25	40.0
integrin	markov	23	length	0.5	40.0
integrin	markov	23	length	0.75	40.0
integrin	markov	23	length	1	44.0
integrin	markov	37	maximum_training_identity	0	0.5
integrin	markov	37	maximum_training_identity	0.25	0.575
integrin	markov	37	maximum_training_identity	0.5	0.6
integrin	markov	37	maximum_training_identity	0.75	0.625
integrin	markov	37	maximum_training_identity	1	0.725
integrin	markov	37	nearest_edit_distance	0	11.0
integrin	markov	37	nearest_edit_distance	0.25	15.0
integrin	markov	37	nearest_edit_distance	0.5	16.0
integrin	markov	37	nearest_edit_distance	0.75	17.0
integrin	markov	37	nearest_edit_distance	1	20.0
integrin	markov	37	length	0	37.0
integrin	markov	37	length	0.25	40.0
integrin	markov	37	length	0.5	40.0
integrin	markov	37	length	0.75	40.0
integrin	markov	37	length	1	44.0
integrin	markov	53	maximum_training_identity	0	0.5
integrin	markov	53	maximum_training_identity	0.25	0.575
integrin	markov	53	maximum_training_identity	0.5	0.6
integrin	markov	53	maximum_training_identity	0.75	0.625
integrin	markov	53	maximum_training_identity	1	0.725
integrin	markov	53	nearest_edit_distance	0	11.0
integrin	markov	53	nearest_edit_distance	0.25	15.0
integrin	markov	53	nearest_edit_distance	0.5	16.0
integrin	markov	53	nearest_edit_distance	0.75	17.0
integrin	markov	53	nearest_edit_distance	1	20.0
integrin	markov	53	length	0	36.0
integrin	markov	53	length	0.25	40.0
integrin	markov	53	length	0.5	40.0
integrin	markov	53	length	0.75	40.0
integrin	markov	53	length	1	44.0
integrin	markov	71	maximum_training_identity	0	0.5
integrin	markov	71	maximum_training_identity	0.25	0.575
integrin	markov	71	maximum_training_identity	0.5	0.6
integrin	markov	71	maximum_training_identity	0.75	0.625
integrin	markov	71	maximum_training_identity	1	0.725
integrin	markov	71	nearest_edit_distance	0	11.0
integrin	markov	71	nearest_edit_distance	0.25	15.0
integrin	markov	71	nearest_edit_distance	0.5	16.0
integrin	markov	71	nearest_edit_distance	0.75	17.0
integrin	markov	71	nearest_edit_distance	1	20.0
integrin	markov	71	length	0	35.0
integrin	markov	71	length	0.25	40.0
integrin	markov	71	length	0.5	40.0
integrin	markov	71	length	0.75	40.0
integrin	markov	71	length	1	44.0
tg2	markov	11	maximum_training_identity	0	0.5
tg2	markov	11	maximum_training_identity	0.25	0.6
tg2	markov	11	maximum_training_identity	0.5	0.6
tg2	markov	11	maximum_training_identity	0.75	0.6333333333333333
tg2	markov	11	maximum_training_identity	1	0.7666666666666666
tg2	markov	11	nearest_edit_distance	0	7.0
tg2	markov	11	nearest_edit_distance	0.25	11.0
tg2	markov	11	nearest_edit_distance	0.5	12.0
tg2	markov	11	nearest_edit_distance	0.75	13.0
tg2	markov	11	nearest_edit_distance	1	15.0
tg2	markov	11	length	0	25.0
tg2	markov	11	length	0.25	30.0
tg2	markov	11	length	0.5	30.0
tg2	markov	11	length	0.75	30.0
tg2	markov	11	length	1	35.0
tg2	markov	23	maximum_training_identity	0	0.5
tg2	markov	23	maximum_training_identity	0.25	0.6
tg2	markov	23	maximum_training_identity	0.5	0.6
tg2	markov	23	maximum_training_identity	0.75	0.6333333333333333
tg2	markov	23	maximum_training_identity	1	0.8125
tg2	markov	23	nearest_edit_distance	0	6.0
tg2	markov	23	nearest_edit_distance	0.25	11.0
tg2	markov	23	nearest_edit_distance	0.5	12.0
tg2	markov	23	nearest_edit_distance	0.75	13.0
tg2	markov	23	nearest_edit_distance	1	16.0
tg2	markov	23	length	0	25.0
tg2	markov	23	length	0.25	30.0
tg2	markov	23	length	0.5	30.0
tg2	markov	23	length	0.75	30.0
tg2	markov	23	length	1	35.0
tg2	markov	37	maximum_training_identity	0	0.5
tg2	markov	37	maximum_training_identity	0.25	0.6
tg2	markov	37	maximum_training_identity	0.5	0.6
tg2	markov	37	maximum_training_identity	0.75	0.6333333333333333
tg2	markov	37	maximum_training_identity	1	0.7666666666666666
tg2	markov	37	nearest_edit_distance	0	7.0
tg2	markov	37	nearest_edit_distance	0.25	11.0
tg2	markov	37	nearest_edit_distance	0.5	12.0
tg2	markov	37	nearest_edit_distance	0.75	13.0
tg2	markov	37	nearest_edit_distance	1	15.0
tg2	markov	37	length	0	27.0
tg2	markov	37	length	0.25	30.0
tg2	markov	37	length	0.5	30.0
tg2	markov	37	length	0.75	30.0
tg2	markov	37	length	1	34.0
tg2	markov	53	maximum_training_identity	0	0.5
tg2	markov	53	maximum_training_identity	0.25	0.6
tg2	markov	53	maximum_training_identity	0.5	0.6
tg2	markov	53	maximum_training_identity	0.75	0.6333333333333333
tg2	markov	53	maximum_training_identity	1	0.7666666666666666
tg2	markov	53	nearest_edit_distance	0	7.0
tg2	markov	53	nearest_edit_distance	0.25	11.0
tg2	markov	53	nearest_edit_distance	0.5	12.0
tg2	markov	53	nearest_edit_distance	0.75	13.0
tg2	markov	53	nearest_edit_distance	1	16.0
tg2	markov	53	length	0	25.0
tg2	markov	53	length	0.25	30.0
tg2	markov	53	length	0.5	30.0
tg2	markov	53	length	0.75	30.0
tg2	markov	53	length	1	35.0
tg2	markov	71	maximum_training_identity	0	0.5
tg2	markov	71	maximum_training_identity	0.25	0.6
tg2	markov	71	maximum_training_identity	0.5	0.6
tg2	markov	71	maximum_training_identity	0.75	0.6333333333333333
tg2	markov	71	maximum_training_identity	1	0.8064516129032258
tg2	markov	71	nearest_edit_distance	0	6.0
tg2	markov	71	nearest_edit_distance	0.25	11.0
tg2	markov	71	nearest_edit_distance	0.5	12.0
tg2	markov	71	nearest_edit_distance	0.75	13.0
tg2	markov	71	nearest_edit_distance	1	15.0
tg2	markov	71	length	0	25.0
tg2	markov	71	length	0.25	30.0
tg2	markov	71	length	0.5	30.0
tg2	markov	71	length	0.75	30.0
tg2	markov	71	length	1	35.0
