target	method	seed	base	nucleotide_count	fraction
integrin	markov	11	A	98963	0.24793870868335408
integrin	markov	11	C	136550	0.34210796631783597
integrin	markov	11	G	82565	0.2068556883122089
integrin	markov	11	T	81065	0.20309763668660105
integrin	markov	23	A	99376	0.24891542846837458
integrin	markov	23	C	135781	0.3401020950014528
integrin	markov	23	G	82165	0.20580558867436805
integrin	markov	23	T	81914	0.2051768878558046
integrin	markov	37	A	99220	0.24860625649891632
integrin	markov	37	C	136451	0.3418924844339209
integrin	markov	37	G	82566	0.20687788927725786
integrin	markov	37	T	80868	0.20262336978990492
integrin	markov	53	A	98828	0.2476339864040352
integrin	markov	53	C	136750	0.3426553976681893
integrin	markov	53	G	82428	0.20654039575132363
integrin	markov	53	T	81083	0.20317022017645187
integrin	markov	71	A	99530	0.24939236763637274
integrin	markov	71	C	135934	0.34060988749404897
integrin	markov	71	G	82729	0.2072940940639956
integrin	markov	71	T	80897	0.2027036508055827
tg2	markov	11	A	90692	0.30176851281880646
tg2	markov	11	C	68032	0.2263696408072271
tg2	markov	11	G	72685	0.24185203054552715
tg2	markov	11	T	69126	0.2300098158284393
tg2	markov	23	A	90326	0.30056468599532143
tg2	markov	23	C	68226	0.22702573197879683
tg2	markov	23	G	72419	0.2409781679150542
tg2	markov	23	T	69550	0.23143141411082752
tg2	markov	37	A	90652	0.3016053099995009
tg2	markov	37	C	68069	0.22647014788814399
tg2	markov	37	G	72545	0.24136210137574235
tg2	markov	37	T	69299	0.23056244073661272
tg2	markov	53	A	90742	0.30187963671446155
tg2	markov	53	C	68489	0.22784856448983665
tg2	markov	53	G	72225	0.24027745433979839
tg2	markov	53	T	69134	0.2299943444559034
tg2	markov	71	A	90818	0.3021435296544336
tg2	markov	71	C	67939	0.2260271010283486
tg2	markov	71	G	72591	0.2415038974778677
tg2	markov	71	T	69231	0.23032547183935007
