target	threshold	strategy	method	comparison	metric	difference	lower_95	upper_95	bootstrap_valid	bootstrap_requested	resampling_unit
tg2	0.7	random	kmer_ridge	random_minus_family	average_precision	-0.04532312925170068	-0.0788603471691709	-0.022321428571428492	1420	2000	sequence_family
tg2	0.7	random	frequency	random_minus_family	average_precision	0.0	0.0	0.0	1420	2000	sequence_family
tg2	0.7	random	enrichment	random_minus_family	average_precision	0.0	0.0	0.0	1420	2000	sequence_family
tg2	0.7	random	frequency_observed	random_minus_family	average_precision	0.0	0.0	0.0	1420	2000	sequence_family
tg2	0.7	random	enrichment_observed	random_minus_family	average_precision	0.0	0.0	0.0	1420	2000	sequence_family
tg2	0.7	random	kmer_logistic	random_minus_family	average_precision	-0.007936507936507908	-0.04166666666666663	-0.005681818181818121	1420	2000	sequence_family
tg2	0.8	random	kmer_ridge	random_minus_family	average_precision	-0.014285714285714235	-0.06632653061224492	0.11111111111111116	1314	2000	sequence_family
tg2	0.8	random	frequency	random_minus_family	average_precision	0.0	0.0	0.0	1314	2000	sequence_family
tg2	0.8	random	enrichment	random_minus_family	average_precision	0.0	0.0	0.0	1314	2000	sequence_family
tg2	0.8	random	frequency_observed	random_minus_family	average_precision	0.0	0.0	0.0	1314	2000	sequence_family
tg2	0.8	random	enrichment_observed	random_minus_family	average_precision	0.0	0.0	0.0	1314	2000	sequence_family
tg2	0.8	random	kmer_logistic	random_minus_family	average_precision	0.0	0.0	0.0	1314	2000	sequence_family
tg2	0.9	random	kmer_ridge	random_minus_family	average_precision	0.0	0.0	0.0	1281	2000	sequence_family
tg2	0.9	random	frequency	random_minus_family	average_precision	0.0	0.0	0.0	1281	2000	sequence_family
tg2	0.9	random	enrichment	random_minus_family	average_precision	0.0	0.0	0.0	1281	2000	sequence_family
tg2	0.9	random	frequency_observed	random_minus_family	average_precision	0.0	0.0	0.0	1281	2000	sequence_family
tg2	0.9	random	enrichment_observed	random_minus_family	average_precision	0.0	0.0	0.0	1281	2000	sequence_family
tg2	0.9	random	kmer_logistic	random_minus_family	average_precision	0.0	0.0	0.0	1281	2000	sequence_family
integrin	0.7	random	kmer_ridge	random_minus_family	average_precision	0.11013586774422679	-0.1777777777777778	0.36222222222222183	1985	2000	sequence_family
integrin	0.7	random	frequency	random_minus_family	average_precision	0.0	0.0	0.0	1985	2000	sequence_family
integrin	0.7	random	enrichment	random_minus_family	average_precision	0.0	0.0	0.0	1985	2000	sequence_family
integrin	0.7	random	frequency_observed	random_minus_family	average_precision	0.0	0.0	0.0	1985	2000	sequence_family
integrin	0.7	random	enrichment_observed	random_minus_family	average_precision	0.0	0.0	0.0	1985	2000	sequence_family
integrin	0.8	random	kmer_ridge	random_minus_family	average_precision	0.04571245518613931	-0.06115682722364311	0.12919298372881052	2000	2000	sequence_family
integrin	0.8	random	frequency	random_minus_family	average_precision	0.0	0.0	0.0	2000	2000	sequence_family
integrin	0.8	random	enrichment	random_minus_family	average_precision	0.0	0.0	0.0	2000	2000	sequence_family
integrin	0.8	random	frequency_observed	random_minus_family	average_precision	0.0	0.0	0.0	2000	2000	sequence_family
integrin	0.8	random	enrichment_observed	random_minus_family	average_precision	0.0	0.0	0.0	2000	2000	sequence_family
integrin	0.8	random	kmer_logistic	random_minus_family	average_precision	0.0	0.0	0.0	2000	2000	sequence_family
integrin	0.9	random	kmer_ridge	random_minus_family	average_precision	0.04056752764990745	-0.07271021085270418	0.12065193760917456	2000	2000	sequence_family
integrin	0.9	random	frequency	random_minus_family	average_precision	0.0	0.0	0.0	2000	2000	sequence_family
integrin	0.9	random	enrichment	random_minus_family	average_precision	0.0	0.0	0.0	2000	2000	sequence_family
integrin	0.9	random	frequency_observed	random_minus_family	average_precision	0.0	0.0	0.0	2000	2000	sequence_family
integrin	0.9	random	enrichment_observed	random_minus_family	average_precision	0.0	0.0	0.0	2000	2000	sequence_family
integrin	0.9	random	kmer_logistic	random_minus_family	average_precision	0.0	0.0	0.0	2000	2000	sequence_family
integrin	0.7	family	kmer_structure_ridge	structure_minus_sequence	average_precision	-0.007212475633528226	-0.017120484557459358	0.0	1985	2000	sequence_family
integrin	0.7	random	kmer_structure_ridge	random_minus_family	average_precision	0.11385627988569158	-0.1777777777777778	0.36222222222222183	1985	2000	sequence_family
integrin	0.7	random	kmer_structure_ridge	structure_minus_sequence	average_precision	-0.0034920634920634352	-0.008453085376162295	0.0	1985	2000	sequence_family
integrin	0.7	random	kmer_structure_logistic	structure_minus_sequence	average_precision	0.006675730019719772	-0.04646464646464643	0.05555555555555555	1985	2000	sequence_family
integrin	0.7	naive_sequence_random	kmer_structure_ridge	structure_minus_sequence	average_precision	-0.0026552287581700362	-0.008148148148148127	0.0	1962	2000	sequence_family
integrin	0.7	naive_sequence_random	kmer_structure_logistic	structure_minus_sequence	average_precision	-0.013788209840841503	-0.029038857274744354	0.012288296498823015	1962	2000	sequence_family
integrin	0.8	family	kmer_structure_ridge	structure_minus_sequence	average_precision	0.003055613341654495	-0.020697830667354665	0.02593020080232341	2000	2000	sequence_family
integrin	0.8	family	kmer_structure_logistic	structure_minus_sequence	average_precision	0.006675730019719772	-0.041390675469426555	0.08660907650463547	2000	2000	sequence_family
integrin	0.8	random	kmer_structure_ridge	random_minus_family	average_precision	0.03916477835242138	-0.07109877566533912	0.12118523206591383	2000	2000	sequence_family
integrin	0.8	random	kmer_structure_ridge	structure_minus_sequence	average_precision	-0.0034920634920634352	-0.02048677884615383	0.0005807434309755819	2000	2000	sequence_family
integrin	0.8	random	kmer_structure_logistic	random_minus_family	average_precision	0.0	0.0	0.0	2000	2000	sequence_family
integrin	0.8	random	kmer_structure_logistic	structure_minus_sequence	average_precision	0.006675730019719772	-0.041390675469426555	0.08660907650463547	2000	2000	sequence_family
integrin	0.8	naive_sequence_random	kmer_structure_ridge	structure_minus_sequence	average_precision	-0.0026552287581700362	-0.015648253761338313	0.0	1996	2000	sequence_family
integrin	0.8	naive_sequence_random	kmer_structure_logistic	structure_minus_sequence	average_precision	-0.013788209840841503	-0.062254694715767375	0.03134088563655127	1996	2000	sequence_family
integrin	0.9	family	kmer_structure_ridge	structure_minus_sequence	average_precision	0.006368451871884395	-0.023334415584415565	0.03927156399410395	2000	2000	sequence_family
integrin	0.9	family	kmer_structure_logistic	structure_minus_sequence	average_precision	0.006675730019719772	-0.043501975264830316	0.08352092894013763	2000	2000	sequence_family
integrin	0.9	random	kmer_structure_ridge	random_minus_family	average_precision	0.030707012285959623	-0.08808626261509374	0.10069966307918347	2000	2000	sequence_family
integrin	0.9	random	kmer_structure_ridge	structure_minus_sequence	average_precision	-0.0034920634920634352	-0.02290374373433584	0.0006734474092667778	2000	2000	sequence_family
integrin	0.9	random	kmer_structure_logistic	random_minus_family	average_precision	0.0	0.0	0.0	2000	2000	sequence_family
integrin	0.9	random	kmer_structure_logistic	structure_minus_sequence	average_precision	0.006675730019719772	-0.043501975264830316	0.08352092894013763	2000	2000	sequence_family
integrin	0.9	naive_sequence_random	kmer_structure_ridge	structure_minus_sequence	average_precision	-0.0026552287581700362	-0.016072119637328672	0.0	2000	2000	sequence_family
integrin	0.9	naive_sequence_random	kmer_structure_logistic	structure_minus_sequence	average_precision	-0.013788209840841503	-0.06275468509417048	0.03052146643295804	2000	2000	sequence_family
tg2	0.7	family	kmer_structure_ridge	structure_minus_sequence	average_precision	0.0	0.0	0.0	1420	2000	sequence_family
tg2	0.7	family	kmer_structure_logistic	structure_minus_sequence	average_precision	0.0	0.0	0.0	1420	2000	sequence_family
tg2	0.7	random	kmer_structure_ridge	random_minus_family	average_precision	-0.06318027210884347	-0.13541666666666663	-0.03621031746031733	1420	2000	sequence_family
tg2	0.7	random	kmer_structure_ridge	structure_minus_sequence	average_precision	-0.017857142857142794	-0.0625	-0.01388888888888884	1420	2000	sequence_family
tg2	0.7	random	kmer_structure_logistic	random_minus_family	average_precision	-0.007936507936507908	-0.04166666666666663	-0.005681818181818121	1420	2000	sequence_family
tg2	0.7	random	kmer_structure_logistic	structure_minus_sequence	average_precision	0.0	0.0	0.0	1420	2000	sequence_family
tg2	0.7	naive_sequence_random	kmer_structure_ridge	structure_minus_sequence	average_precision	0.0	-0.0009920634920633775	0.0006410256410255277	1344	2000	sequence_family
tg2	0.7	naive_sequence_random	kmer_structure_logistic	structure_minus_sequence	average_precision	-0.01041666666666674	-0.03333333333333344	0.0	1344	2000	sequence_family
tg2	0.8	family	kmer_structure_ridge	structure_minus_sequence	average_precision	0.0	-0.007407407407407529	0.008437499999999924	1314	2000	sequence_family
tg2	0.8	family	kmer_structure_logistic	structure_minus_sequence	average_precision	0.0	0.0	0.0	1314	2000	sequence_family
tg2	0.8	random	kmer_structure_ridge	random_minus_family	average_precision	-0.03214285714285703	-0.11712541135335242	0.11111111111111116	1314	2000	sequence_family
tg2	0.8	random	kmer_structure_ridge	structure_minus_sequence	average_precision	-0.017857142857142794	-0.05263157894736836	0.0	1314	2000	sequence_family
tg2	0.8	random	kmer_structure_logistic	random_minus_family	average_precision	0.0	0.0	0.0	1314	2000	sequence_family
tg2	0.8	random	kmer_structure_logistic	structure_minus_sequence	average_precision	0.0	0.0	0.0	1314	2000	sequence_family
tg2	0.8	naive_sequence_random	kmer_structure_ridge	structure_minus_sequence	average_precision	0.0	-0.0014880952380952328	0.001984126984126977	1944	2000	sequence_family
tg2	0.8	naive_sequence_random	kmer_structure_logistic	structure_minus_sequence	average_precision	-0.01041666666666674	-0.06086889301175015	0.0	1944	2000	sequence_family
tg2	0.9	family	kmer_structure_ridge	structure_minus_sequence	average_precision	-0.017857142857142794	-0.07006802721088456	0.0031462585034014445	1281	2000	sequence_family
tg2	0.9	family	kmer_structure_logistic	structure_minus_sequence	average_precision	0.0	0.0	0.0	1281	2000	sequence_family
tg2	0.9	random	kmer_structure_ridge	random_minus_family	average_precision	0.0	-0.0003841396698541777	0.00037105751391475206	1281	2000	sequence_family
tg2	0.9	random	kmer_structure_ridge	structure_minus_sequence	average_precision	-0.017857142857142794	-0.07006802721088456	0.003231292517006712	1281	2000	sequence_family
tg2	0.9	random	kmer_structure_logistic	random_minus_family	average_precision	0.0	0.0	0.0	1281	2000	sequence_family
tg2	0.9	random	kmer_structure_logistic	structure_minus_sequence	average_precision	0.0	0.0	0.0	1281	2000	sequence_family
tg2	0.9	naive_sequence_random	kmer_structure_ridge	structure_minus_sequence	average_precision	0.0	-0.0011266915954416088	0.0011904761904761862	1942	2000	sequence_family
tg2	0.9	naive_sequence_random	kmer_structure_logistic	structure_minus_sequence	average_precision	-0.01041666666666674	-0.0404040404040405	0.0	1942	2000	sequence_family
integrin	0.7	random	markov	random_minus_family	average_precision	0.06198717948717958	-0.021031746031745957	0.08452797202797213	1985	2000	sequence_family
integrin	0.8	random	markov	random_minus_family	average_precision	0.002365967365967392	-0.01666666666666661	0.0263304172679172	2000	2000	sequence_family
integrin	0.9	random	markov	random_minus_family	average_precision	0.002365967365967392	-0.016366037829273226	0.027010422814610874	2000	2000	sequence_family
tg2	0.7	random	markov	random_minus_family	average_precision	-0.1145150484436197	-0.16612103174603166	-0.10403953685203682	1420	2000	sequence_family
tg2	0.8	random	markov	random_minus_family	average_precision	0.0	-0.0023809523809524835	0.000894438894438864	1314	2000	sequence_family
tg2	0.9	random	markov	random_minus_family	average_precision	0.0	0.0	0.0	1281	2000	sequence_family
