step	stage	command	input_output_and_reason	start_timestamp	elapsed_seconds	peak_rss_bytes	peak_observed_disk_bytes	exit_status	selection
00 configure	configure	bash scripts/00_configure.sh --threads 1 --ram 16 --disk 13 --gpu-mode none --yes	Host resources -> project.conf; enforce memory, disk and thread limits.	2026-10-03T16:10:44.581851+00:00	1.427	29253632	483848537	0	latest_recorded_attempt; may_reuse_cache
01 sources	sources	stage sources scripts/01_verify_sources.py --offline	Acquired publications and repository metadata -> provenance and licence records; establish source identity.	2026-10-03T14:43:58.031020+00:00	1.731	35450880	483252357	0	successful_execution_containing_scientific_manifest_update
02 install	install	bash scripts/02_install.sh	Pinned package versions -> CPU environment; keep dependency and chemistry assumptions explicit.	2026-10-03T13:05:33.724936+00:00	190.033	182882304	546058655	0	latest_recorded_attempt; may_reuse_cache
03 metadata	metadata	stage metadata scripts/03_fetch_metadata.py	Accessions and experiment XML -> run manifest; resolve rounds from source evidence.	2026-10-03T16:10:09.191991+00:00	0.945	6184960	483836834	0	latest_recorded_attempt; may_reuse_cache
04/05 reads	fetch	bash scripts/04_fetch_selex.sh --target all	One FASTQ at a time -> verified compact counts and QC; displayed time is cached validation, with per-round processing listed separately.	2026-10-03T16:10:10.768317+00:00	0.936	6184960	483838082	0	latest_recorded_attempt; may_reuse_cache
06 assays	ground_truth	stage ground_truth scripts/06_build_ground_truth.py	Supplement S4/S5 -> assay manifest; preserve original labels and SPR units.	2026-10-03T14:20:26.012531+00:00	2.395	53075968	480951505	0	successful_execution_containing_scientific_manifest_update
07 splits	splits	stage splits scripts/07_build_splits.py	Late-round pool and assays -> family partitions; exclude test relatives before fitting.	2026-10-03T14:20:28.782330+00:00	9.510	79626240	481935015	0	successful_execution_containing_scientific_manifest_update
08 baselines	baselines	stage baselines scripts/08_baselines.py	Training counts and permitted assays -> fixed sequence fits and scores; retain exposure-matched baselines.	2026-10-03T14:20:38.669186+00:00	24.918	205045760	480953658	0	successful_execution_containing_scientific_manifest_update
09 structure	secondary	stage secondary scripts/09_secondary_structure.py	Complete assay constructs -> canonical-RNA descriptors; approximate intramolecular structure.	2026-10-03T14:21:03.978232+00:00	29.962	44023808	480954283	0	successful_execution_containing_scientific_manifest_update
10 GPU jobs	gpu_jobs	stage gpu_jobs scripts/10_prepare_gpu_jobs.py	Training-only exports -> pinned RaptGen job bundles; isolate held-out assay responses.	2026-10-03T16:10:18.788013+00:00	1.351	62636032	483840188	0	latest_recorded_attempt; may_reuse_cache
11 import	import_remote	bash scripts/import_remote.sh --directory remote/returned/tg2_family --job remote/bundles/raptgen_tg2_family/job.json	Hosted return files -> hash-checked artifacts; no production return exists.		not_run	unavailable	not_run	not_run	no_production_execution
13 ablation	ablation	stage ablation scripts/13_structure_ablation.py	Sequence and structure features -> matched held-out scores; test incremental information.	2026-10-03T14:21:36.382794+00:00	25.520	211431424	480972943	0	successful_execution_containing_scientific_manifest_update
12 generation / scores	candidates	stage candidates scripts/12_score_candidates.py	Local models -> fixed-budget Markov candidates, novelty and merged local scores; neural joins remain absent.	2026-10-03T14:22:02.330454+00:00	48.516	145911808	481134004	0	successful_execution_containing_scientific_manifest_update
14 tertiary	tertiary	stage tertiary scripts/14_optional_tertiary.py	Optional settings -> explicit exclusion record; no tertiary result is evaluated.	2026-10-03T16:10:24.044698+00:00	0.914	6184960	483841487	0	latest_recorded_attempt; may_reuse_cache
15 evaluation	evaluation	stage evaluation scripts/15_evaluate.py	Fixed test scores -> metrics and family-bootstrap intervals; separate discrimination from sequence coverage.	2026-10-03T14:22:52.606838+00:00	25.406	131330048	481052970	0	successful_execution_containing_scientific_manifest_update
16 figures	figures	stage figures scripts/16_figures.py	Retained tables -> PNG/PDF figures; show all measured arms and unavailable neural branches.	2026-10-03T16:15:22.340763+00:00	8.464	239501312	483869522	0	latest_recorded_attempt; may_reuse_cache
17 report	report	stage report scripts/write_report.py	Measured tables and prose template -> README, Markdown and HTML reports; trace numerical claims.	2026-10-03T16:10:42.655253+00:00	1.201	36966400	483849585	0	latest_recorded_attempt; may_reuse_cache
18 final audit	verification	stage verification scripts/verify_repository.py --clean-clone-status passed	Verified workflow records -> final audit; only this subprocess is measured here. Run the complete scripts/18_verify.sh first.	2026-10-03T16:10:57.359128+00:00	15.701	84062208	483864093	0	latest_recorded_attempt; may_reuse_cache
05 per-round processing	preprocess_integrin_3	invoked serially by scripts/04_fetch_selex.sh	FASTQ -> verified compact round counts; provider identity and read depth checked.	2026-10-03T13:11:24.902602+00:00	66.264	35794944	468169203	0	retained_per_round_attempt
05 per-round processing	preprocess_integrin_4	invoked serially by scripts/04_fetch_selex.sh	FASTQ -> verified compact round counts; provider identity and read depth checked.	2026-10-03T13:13:06.740185+00:00	2.545	35078144	464105341	0	retained_per_round_attempt
05 per-round processing	preprocess_integrin_5	invoked serially by scripts/04_fetch_selex.sh	FASTQ -> verified compact round counts; provider identity and read depth checked.	2026-10-03T13:13:39.413133+00:00	2.140	34258944	461672366	0	retained_per_round_attempt
05 per-round processing	preprocess_integrin_6	invoked serially by scripts/04_fetch_selex.sh	FASTQ -> verified compact round counts; provider identity and read depth checked.	2026-10-03T13:14:07.040586+00:00	1.267	33157120	459188470	0	retained_per_round_attempt
05 per-round processing	preprocess_tg2_0	invoked serially by scripts/04_fetch_selex.sh	FASTQ -> verified compact round counts; provider identity and read depth checked.	2026-10-03T13:14:42.782972+00:00	39.352	35315712	469200935	0	retained_per_round_attempt
05 per-round processing	preprocess_tg2_1	invoked serially by scripts/04_fetch_selex.sh	FASTQ -> verified compact round counts; provider identity and read depth checked.	2026-10-03T13:15:50.228961+00:00	11.075	35545088	464082469	0	retained_per_round_attempt
05 per-round processing	preprocess_tg2_2	invoked serially by scripts/04_fetch_selex.sh	FASTQ -> verified compact round counts; provider identity and read depth checked.	2026-10-03T13:16:25.845303+00:00	1.685	34566144	459179248	0	retained_per_round_attempt
05 per-round processing	preprocess_tg2_3	invoked serially by scripts/04_fetch_selex.sh	FASTQ -> verified compact round counts; provider identity and read depth checked.	2026-10-03T13:16:47.734875+00:00	3.211	35573760	465122651	0	retained_per_round_attempt
05 per-round processing	preprocess_tg2_4	invoked serially by scripts/04_fetch_selex.sh	FASTQ -> verified compact round counts; provider identity and read depth checked.	2026-10-03T13:17:02.025560+00:00	2.235	35434496	462390457	0	retained_per_round_attempt
05 per-round processing	preprocess_tg2_5	invoked serially by scripts/04_fetch_selex.sh	FASTQ -> verified compact round counts; provider identity and read depth checked.	2026-10-03T13:17:28.406183+00:00	2.198	34136064	464016316	0	retained_per_round_attempt
05 per-round processing	preprocess_tg2_6	invoked serially by scripts/04_fetch_selex.sh	FASTQ -> verified compact round counts; provider identity and read depth checked.	2026-10-03T13:17:42.324283+00:00	1.507	32645120	463253212	0	retained_per_round_attempt
05 per-round processing	preprocess_tg2_7	invoked serially by scripts/04_fetch_selex.sh	FASTQ -> verified compact round counts; provider identity and read depth checked.	2026-10-03T13:17:52.353282+00:00	1.146	31981568	460694556	0	retained_per_round_attempt
05 per-round processing	preprocess_tg2_8	invoked serially by scripts/04_fetch_selex.sh	FASTQ -> verified compact round counts; provider identity and read depth checked.	2026-10-03T13:18:06.621236+00:00	1.264	32337920	463788457	0	retained_per_round_attempt
