target	round	raw_reads	retained_reads	unique_sequences	duplicate_fraction	ambiguous_base_count	discarded_reads	primer_mismatch	primer_order_or_multiple	length_outside_published_range	constant_region_remnant	reverse_orientation_reads	compressed_raw_bytes	compact_bytes	sqlite_peak_bytes	counts_sha256
integrin	3	146505	98868	96498	0.023971355747056666	0	47637	42684	1	4952	0	0	9730151	1214167	5005312	a01de56781dea4419d98f91babffb7b30687e2bc1f30c5c0484e580dfcfcd149
integrin	4	121185	80219	47023	0.4138171754821177	0	40966	36699	0	4267	0	0	7903686	558032	2461696	f6f046625640a9275f9edb84febd05de71bc30f76a8885b76ca12740689c3b3b
integrin	5	116917	80114	24940	0.688693611603465	0	36803	31600	0	5203	0	0	7399524	247859	1286144	fb789fef7f80d81c5b3816df18e2ec91e1a1171c7e19ed4aaae1f7ca4d449259
integrin	6	82488	47360	12250	0.7413429054054055	0	35128	23382	0	11746	0	0	4810097	103865	647168	d172ea6bd68286bdaf1d4a7954c71f623ecc226ff7c4024382ecdf9eb11582ba
tg2	0	162003	114664	113107	0.013578804158236202	0	47339	47072	0	267	0	0	9175150	1066880	4579328	d38ee0629a9c889d9ab08fbda74068ea9075ecd6ccb45944a810536a02ab0617
tg2	1	91610	72584	71479	0.015223740769315541	0	19026	18745	0	281	0	0	5407090	680811	2867200	c1c1ac50c7243084bf89245fe2f42a3891bc99bb3e1714ecd8dc7834ac3b0db7
tg2	2	45431	36598	36086	0.013989835510137216	0	8833	8608	0	225	0	0	2699483	348740	1449984	858110863b4559a26ab3be81c000e5ffbbe95a6e1b92e2ce5bd88a2e03b0414e
tg2	3	91441	72789	71750	0.014274134828064722	0	18652	18133	0	519	0	0	5404477	678540	2859008	23068d1acc116a4c086bfee5e4fcdbb40d12cfc14380abff83dcfd89cfdefcda
tg2	4	80864	64355	49281	0.23423199440602904	0	16509	16153	0	356	0	0	4743800	466305	2011136	e3bf4556fdf4c86dd6bde8464f49b355a0ebab128a5d08f79832571f073c8404
tg2	5	108428	86831	28599	0.6706360631571674	0	21597	21350	0	247	0	0	6115536	252473	1171456	f2922425c047b73284f1459468ef4883f265a788a15dd7603983e90fadda8780
tg2	6	98237	80935	11833	0.8537962562550194	0	17302	17191	0	111	0	0	5257584	93200	491520	fcb80fd53b013a414b0802942c46801cd39a5b5ffdfe091abe1606726f8a563c
tg2	7	49469	40352	5093	0.873785685963521	0	9117	9061	0	56	0	0	2623965	35842	217088	eaf6481e4402c1c03b8e2feaed4b1e8ce730617dc02c3b5e087eeace79503e1f
tg2	8	113137	81186	6031	0.9257137930185008	0	31951	31784	0	167	0	0	5704958	40021	249856	fadc7404a6041d3069aada31afe452842c71878ec5f0118e5fe9b4fbf37ca47b
