document	target	check	status
README.md	results/summary.tsv	local_link	PASS
README.md	results/evaluation_metrics.tsv	local_link	PASS
README.md	results/paired_differences.tsv	local_link	PASS
README.md	results/preprocessing_counts.tsv	local_link	PASS
README.md	results/preprocessing_counts.tsv	local_link	PASS
README.md	figures/02_dataset_composition.png	local_link	PASS
README.md	config/ground_truth_manifest.tsv	local_link	PASS
README.md	results/download_manifest.tsv	local_link	PASS
README.md	results/data_provenance.tsv	local_link	PASS
README.md	config/datasets.tsv	local_link	PASS
README.md	docs/methods.md	local_link	PASS
README.md	results/figure_manifest.tsv	local_link	PASS
README.md	figures/01_pipeline.png	local_link	PASS
README.md	config/split_manifest.tsv	local_link	PASS
README.md	config/benchmark.yml	local_link	PASS
README.md	docs/methods.md	local_link	PASS
README.md	docs/score_dictionary.md	local_link	PASS
README.md	results/pipeline_stage_summary.tsv	local_link	PASS
README.md	results/bootstrap_intervals.tsv	local_link	PASS
README.md	results/evaluation_metrics.tsv	local_link	PASS
README.md	results/evaluation_metrics.tsv	local_link	PASS
README.md	figures/04_experimental_discrimination.png	local_link	PASS
README.md	results/paired_differences.tsv	local_link	PASS
README.md	figures/03_random_vs_family.png	local_link	PASS
README.md	results/generation_statistics.tsv	local_link	PASS
README.md	results/generation_budget_curves.tsv	local_link	PASS
README.md	results/seed_variance.tsv	local_link	PASS
README.md	results/generation_budget_curves.tsv	local_link	PASS
README.md	figures/05_generation_budget.png	local_link	PASS
README.md	results/novelty_distribution.tsv	local_link	PASS
README.md	figures/06_novelty_ranking.png	local_link	PASS
README.md	results/novelty_distribution.tsv	local_link	PASS
README.md	results/paired_differences.tsv	local_link	PASS
README.md	figures/07_structure_ablation.png	local_link	PASS
README.md	results/paired_differences.tsv	local_link	PASS
README.md	logs/resource_usage.tsv	local_link	PASS
README.md	logs/failures.tsv	local_link	PASS
README.md	logs/resource_usage.tsv	local_link	PASS
README.md	figures/08_resources.png	local_link	PASS
README.md	figures/08_resources.png	local_link	PASS
README.md	figures/08_resources.pdf	local_link	PASS
README.md	results/verification.tsv	local_link	PASS
README.md	config/requirements-lock.txt	local_link	PASS
README.md	remote/README.md	local_link	PASS
README.md	HANDOVER.md	local_link	PASS
README.md	docs/analysis_report.md	local_link	PASS
README.md	results/report.html	local_link	PASS
README.md	results/selex_manifest.tsv	local_link	PASS
README.md	results/download_manifest.tsv	local_link	PASS
README.md	results/run_summary.tsv	local_link	PASS
README.md	results/citations.tsv	local_link	PASS
README.md	results/software_manifest.tsv	local_link	PASS
README.md	LICENSE	local_link	PASS
README.md	results/data_terms.tsv	local_link	PASS
README.md	results/transitive_licences.tsv	local_link	PASS
README.md	numerical field substitution	no_unresolved_placeholders	PASS
docs/analysis_report.md	../results/summary.tsv	local_link	PASS
docs/analysis_report.md	../results/evaluation_metrics.tsv	local_link	PASS
docs/analysis_report.md	../results/paired_differences.tsv	local_link	PASS
docs/analysis_report.md	../results/preprocessing_counts.tsv	local_link	PASS
docs/analysis_report.md	../results/preprocessing_counts.tsv	local_link	PASS
docs/analysis_report.md	../figures/02_dataset_composition.png	local_link	PASS
docs/analysis_report.md	../config/ground_truth_manifest.tsv	local_link	PASS
docs/analysis_report.md	../results/download_manifest.tsv	local_link	PASS
docs/analysis_report.md	../results/data_provenance.tsv	local_link	PASS
docs/analysis_report.md	../config/datasets.tsv	local_link	PASS
docs/analysis_report.md	../docs/methods.md	local_link	PASS
docs/analysis_report.md	../results/figure_manifest.tsv	local_link	PASS
docs/analysis_report.md	../figures/01_pipeline.png	local_link	PASS
docs/analysis_report.md	../config/split_manifest.tsv	local_link	PASS
docs/analysis_report.md	../config/benchmark.yml	local_link	PASS
docs/analysis_report.md	../docs/methods.md	local_link	PASS
docs/analysis_report.md	../docs/score_dictionary.md	local_link	PASS
docs/analysis_report.md	../results/pipeline_stage_summary.tsv	local_link	PASS
docs/analysis_report.md	../results/bootstrap_intervals.tsv	local_link	PASS
docs/analysis_report.md	../results/evaluation_metrics.tsv	local_link	PASS
docs/analysis_report.md	../results/evaluation_metrics.tsv	local_link	PASS
docs/analysis_report.md	../figures/04_experimental_discrimination.png	local_link	PASS
docs/analysis_report.md	../results/paired_differences.tsv	local_link	PASS
docs/analysis_report.md	../figures/03_random_vs_family.png	local_link	PASS
docs/analysis_report.md	../results/generation_statistics.tsv	local_link	PASS
docs/analysis_report.md	../results/generation_budget_curves.tsv	local_link	PASS
docs/analysis_report.md	../results/seed_variance.tsv	local_link	PASS
docs/analysis_report.md	../results/generation_budget_curves.tsv	local_link	PASS
docs/analysis_report.md	../figures/05_generation_budget.png	local_link	PASS
docs/analysis_report.md	../results/novelty_distribution.tsv	local_link	PASS
docs/analysis_report.md	../figures/06_novelty_ranking.png	local_link	PASS
docs/analysis_report.md	../results/novelty_distribution.tsv	local_link	PASS
docs/analysis_report.md	../results/paired_differences.tsv	local_link	PASS
docs/analysis_report.md	../figures/07_structure_ablation.png	local_link	PASS
docs/analysis_report.md	../results/paired_differences.tsv	local_link	PASS
docs/analysis_report.md	../logs/resource_usage.tsv	local_link	PASS
docs/analysis_report.md	../logs/failures.tsv	local_link	PASS
docs/analysis_report.md	../logs/resource_usage.tsv	local_link	PASS
docs/analysis_report.md	../figures/08_resources.png	local_link	PASS
docs/analysis_report.md	../figures/08_resources.png	local_link	PASS
docs/analysis_report.md	../figures/08_resources.pdf	local_link	PASS
docs/analysis_report.md	../results/verification.tsv	local_link	PASS
docs/analysis_report.md	../config/requirements-lock.txt	local_link	PASS
docs/analysis_report.md	../remote/README.md	local_link	PASS
docs/analysis_report.md	../HANDOVER.md	local_link	PASS
docs/analysis_report.md	../docs/analysis_report.md	local_link	PASS
docs/analysis_report.md	../results/report.html	local_link	PASS
docs/analysis_report.md	../results/selex_manifest.tsv	local_link	PASS
docs/analysis_report.md	../results/download_manifest.tsv	local_link	PASS
docs/analysis_report.md	../results/run_summary.tsv	local_link	PASS
docs/analysis_report.md	../results/citations.tsv	local_link	PASS
docs/analysis_report.md	../results/software_manifest.tsv	local_link	PASS
docs/analysis_report.md	../LICENSE	local_link	PASS
docs/analysis_report.md	../results/data_terms.tsv	local_link	PASS
docs/analysis_report.md	../results/transitive_licences.tsv	local_link	PASS
docs/analysis_report.md	numerical field substitution	no_unresolved_placeholders	PASS
results/report.html	../results/summary.tsv	local_link	PASS
results/report.html	../results/evaluation_metrics.tsv	local_link	PASS
results/report.html	../results/paired_differences.tsv	local_link	PASS
results/report.html	../results/preprocessing_counts.tsv	local_link	PASS
results/report.html	../results/preprocessing_counts.tsv	local_link	PASS
results/report.html	../figures/02_dataset_composition.png	local_link	PASS
results/report.html	../config/ground_truth_manifest.tsv	local_link	PASS
results/report.html	../results/download_manifest.tsv	local_link	PASS
results/report.html	../results/data_provenance.tsv	local_link	PASS
results/report.html	../config/datasets.tsv	local_link	PASS
results/report.html	../docs/methods.md	local_link	PASS
results/report.html	../results/figure_manifest.tsv	local_link	PASS
results/report.html	../figures/01_pipeline.png	local_link	PASS
results/report.html	../config/split_manifest.tsv	local_link	PASS
results/report.html	../config/benchmark.yml	local_link	PASS
results/report.html	../docs/methods.md	local_link	PASS
results/report.html	../docs/score_dictionary.md	local_link	PASS
results/report.html	../results/pipeline_stage_summary.tsv	local_link	PASS
results/report.html	../results/bootstrap_intervals.tsv	local_link	PASS
results/report.html	../results/evaluation_metrics.tsv	local_link	PASS
results/report.html	../results/evaluation_metrics.tsv	local_link	PASS
results/report.html	../figures/04_experimental_discrimination.png	local_link	PASS
results/report.html	../results/paired_differences.tsv	local_link	PASS
results/report.html	../figures/03_random_vs_family.png	local_link	PASS
results/report.html	../results/generation_statistics.tsv	local_link	PASS
results/report.html	../results/generation_budget_curves.tsv	local_link	PASS
results/report.html	../results/seed_variance.tsv	local_link	PASS
results/report.html	../results/generation_budget_curves.tsv	local_link	PASS
results/report.html	../figures/05_generation_budget.png	local_link	PASS
results/report.html	../results/novelty_distribution.tsv	local_link	PASS
results/report.html	../figures/06_novelty_ranking.png	local_link	PASS
results/report.html	../results/novelty_distribution.tsv	local_link	PASS
results/report.html	../results/paired_differences.tsv	local_link	PASS
results/report.html	../figures/07_structure_ablation.png	local_link	PASS
results/report.html	../results/paired_differences.tsv	local_link	PASS
results/report.html	../logs/resource_usage.tsv	local_link	PASS
results/report.html	../logs/failures.tsv	local_link	PASS
results/report.html	../logs/resource_usage.tsv	local_link	PASS
results/report.html	../figures/08_resources.png	local_link	PASS
results/report.html	../figures/08_resources.png	local_link	PASS
results/report.html	../figures/08_resources.pdf	local_link	PASS
results/report.html	../results/verification.tsv	local_link	PASS
results/report.html	../config/requirements-lock.txt	local_link	PASS
results/report.html	../remote/README.md	local_link	PASS
results/report.html	../HANDOVER.md	local_link	PASS
results/report.html	../docs/analysis_report.md	local_link	PASS
results/report.html	../results/report.html	local_link	PASS
results/report.html	../results/selex_manifest.tsv	local_link	PASS
results/report.html	../results/download_manifest.tsv	local_link	PASS
results/report.html	../results/run_summary.tsv	local_link	PASS
results/report.html	../results/citations.tsv	local_link	PASS
results/report.html	../results/software_manifest.tsv	local_link	PASS
results/report.html	../LICENSE	local_link	PASS
results/report.html	../results/data_terms.tsv	local_link	PASS
results/report.html	../results/transitive_licences.tsv	local_link	PASS
results/report.html	numerical field substitution	no_unresolved_placeholders	PASS
README.md	figures/02_dataset_composition.png	png_pdf_pair	PASS
README.md	figures/01_pipeline.png	png_pdf_pair	PASS
README.md	figures/04_experimental_discrimination.png	png_pdf_pair	PASS
README.md	figures/03_random_vs_family.png	png_pdf_pair	PASS
README.md	figures/05_generation_budget.png	png_pdf_pair	PASS
README.md	figures/06_novelty_ranking.png	png_pdf_pair	PASS
README.md	figures/07_structure_ablation.png	png_pdf_pair	PASS
README.md	figures/08_resources.png	png_pdf_pair	PASS
