target	accession	run	experiment	study	study_title	round	bytes	md5	url	expected_reads	round_evidence	metadata_source
integrin	DRA009384	DRR201870	DRX192269	PRJDB9111	HT-SELEX against human intergrin alphaV beta3	3	9730151	1a2a2ac925ecbea1cfbec32a2a4f569e	https://ftp.sra.ebi.ac.uk/vol1/fastq/DRR201/DRR201870/DRR201870.fastq.gz	146505	Ion Torrent PGM sequencing of SAMD00198475 RAPT3-3R  DRX192269                                                        	https://www.ebi.ac.uk/ena/browser/api/xml/DRX192269
integrin	DRA009384	DRR201871	DRX192270	PRJDB9111	HT-SELEX against human intergrin alphaV beta3	4	7903686	dbf456d7430f07ed537ebf48047deefe	https://ftp.sra.ebi.ac.uk/vol1/fastq/DRR201/DRR201871/DRR201871.fastq.gz	121185	Ion Torrent PGM sequencing of SAMD00198475 RAPT3-4R  DRX192270                                                        	https://www.ebi.ac.uk/ena/browser/api/xml/DRX192270
integrin	DRA009384	DRR201872	DRX192271	PRJDB9111	HT-SELEX against human intergrin alphaV beta3	5	7399524	242815a11c9815bf298cd49165dc7847	https://ftp.sra.ebi.ac.uk/vol1/fastq/DRR201/DRR201872/DRR201872.fastq.gz	116917	Ion Torrent PGM sequencing of SAMD00198475 RAPT3-5R  DRX192271                                                        	https://www.ebi.ac.uk/ena/browser/api/xml/DRX192271
integrin	DRA009384	DRR201873	DRX192272	PRJDB9111	HT-SELEX against human intergrin alphaV beta3	6	4810097	f1fcd899616bd29c4dddd9fb377729b0	https://ftp.sra.ebi.ac.uk/vol1/fastq/DRR201/DRR201873/DRR201873.fastq.gz	82488	Ion Torrent PGM sequencing of SAMD00198475 RAPT3-6R  DRX192272                                                        	https://www.ebi.ac.uk/ena/browser/api/xml/DRX192272
tg2	DRA009383	DRR201861	DRX192260	PRJDB9110	HT-SELEX against human transglutaminase 2	0	9175150	9fe2f1d436f7db3644156bdf862e1649	https://ftp.sra.ebi.ac.uk/vol1/fastq/DRR201/DRR201861/DRR201861.fastq.gz	162003	Ion Torrent PGM sequencing of SAMD00197827 RAPT1-0R  DRX192260                                                        	https://www.ebi.ac.uk/ena/browser/api/xml/DRX192260
tg2	DRA009383	DRR201862	DRX192261	PRJDB9110	HT-SELEX against human transglutaminase 2	1	5407090	67d969c477d5b1032d15ff2f39959b4e	https://ftp.sra.ebi.ac.uk/vol1/fastq/DRR201/DRR201862/DRR201862.fastq.gz	91610	Ion Torrent PGM sequencing of SAMD00197827 RAPT1-1R  DRX192261                                                        	https://www.ebi.ac.uk/ena/browser/api/xml/DRX192261
tg2	DRA009383	DRR201863	DRX192262	PRJDB9110	HT-SELEX against human transglutaminase 2	2	2699483	7c06b45fa4105398b3ee43d5098645d6	https://ftp.sra.ebi.ac.uk/vol1/fastq/DRR201/DRR201863/DRR201863.fastq.gz	45431	Ion Torrent PGM sequencing of SAMD00197827 RAPT1-2R  DRX192262                                                        	https://www.ebi.ac.uk/ena/browser/api/xml/DRX192262
tg2	DRA009383	DRR201864	DRX192263	PRJDB9110	HT-SELEX against human transglutaminase 2	3	5404477	d475502f755e1c18d4e1f65f64de692e	https://ftp.sra.ebi.ac.uk/vol1/fastq/DRR201/DRR201864/DRR201864.fastq.gz	91441	Ion Torrent PGM sequencing of SAMD00197827 RAPT1-3R  DRX192263                                                        	https://www.ebi.ac.uk/ena/browser/api/xml/DRX192263
tg2	DRA009383	DRR201865	DRX192264	PRJDB9110	HT-SELEX against human transglutaminase 2	4	4743800	08e6de5e56e929a49d4be4e74312c3d7	https://ftp.sra.ebi.ac.uk/vol1/fastq/DRR201/DRR201865/DRR201865.fastq.gz	80864	Ion Torrent PGM sequencing of SAMD00197827 RAPT1-4R  DRX192264                                                        	https://www.ebi.ac.uk/ena/browser/api/xml/DRX192264
tg2	DRA009383	DRR201866	DRX192265	PRJDB9110	HT-SELEX against human transglutaminase 2	5	6115536	a60c6a4866832fab714d11cd79eb968a	https://ftp.sra.ebi.ac.uk/vol1/fastq/DRR201/DRR201866/DRR201866.fastq.gz	108428	Ion Torrent PGM sequencing of SAMD00197827 RAPT1-5R  DRX192265                                                        	https://www.ebi.ac.uk/ena/browser/api/xml/DRX192265
tg2	DRA009383	DRR201867	DRX192266	PRJDB9110	HT-SELEX against human transglutaminase 2	6	5257584	22932ea12aae85a1e84481eefcd746e9	https://ftp.sra.ebi.ac.uk/vol1/fastq/DRR201/DRR201867/DRR201867.fastq.gz	98237	Ion Torrent PGM sequencing of SAMD00197827 RAPT1-6R  DRX192266                                                        	https://www.ebi.ac.uk/ena/browser/api/xml/DRX192266
tg2	DRA009383	DRR201868	DRX192267	PRJDB9110	HT-SELEX against human transglutaminase 2	7	2623965	a322b3fbe71738f5858330eb40dedf59	https://ftp.sra.ebi.ac.uk/vol1/fastq/DRR201/DRR201868/DRR201868.fastq.gz	49469	Ion Torrent PGM sequencing of SAMD00197827 RAPT1-7R  DRX192267                                                        	https://www.ebi.ac.uk/ena/browser/api/xml/DRX192267
tg2	DRA009383	DRR201869	DRX192268	PRJDB9110	HT-SELEX against human transglutaminase 2	8	5704958	ca7abe683096dd3f6c8eaacde4c35da1	https://ftp.sra.ebi.ac.uk/vol1/fastq/DRR201/DRR201869/DRR201869.fastq.gz	113137	Ion Torrent PGM sequencing of SAMD00197827 RAPT1-8R  DRX192268                                                        	https://www.ebi.ac.uk/ena/browser/api/xml/DRX192268
