tool	role	version	source	source_commit	licence	licence_url_or_source	licence_checked_date	execution	redistributable	notes
numpy	local core	2.3.5	https://pypi.org/project/numpy/2.3.5/		BSD-3-Clause plus bundled dependency terms	installed distribution METADATA and licence files	2026-10-03	local	yes	Installed separately; no dependency source vendored
scipy	local core	1.16.3	https://pypi.org/project/scipy/1.16.3/		BSD-3-Clause plus bundled dependency terms	installed distribution METADATA and licence files	2026-10-03	local	yes	Installed separately; no dependency source vendored
scikit-learn	local core	1.7.1	https://pypi.org/project/scikit-learn/1.7.1/		BSD-3-Clause	installed distribution METADATA and licence files	2026-10-03	local	yes	Installed separately; no dependency source vendored
matplotlib	local core	3.10.8	https://pypi.org/project/matplotlib/3.10.8/		PSF-derived Matplotlib licence	installed distribution METADATA and licence files	2026-10-03	local	yes	Installed separately; no dependency source vendored
PyYAML	local core	6.0.3	https://pypi.org/project/PyYAML/6.0.3/		MIT	installed distribution METADATA and licence files	2026-10-03	local	yes	Installed separately; no dependency source vendored
psutil	local core	7.0.0	https://pypi.org/project/psutil/7.0.0/		BSD-3-Clause	installed distribution METADATA and licence files	2026-10-03	local	yes	Installed separately; no dependency source vendored
pypdf	local core	6.12.2	https://pypi.org/project/pypdf/6.12.2/		BSD-3-Clause	installed distribution METADATA and licence files	2026-10-03	local	yes	Installed separately; no dependency source vendored
rapidfuzz	local core	3.14.3	https://pypi.org/project/rapidfuzz/3.14.3/		MIT	installed distribution METADATA and licence files	2026-10-03	local	yes	Installed separately; no dependency source vendored
ViennaRNA	local core	2.7.2	https://pypi.org/project/ViennaRNA/2.7.2/		ViennaRNA custom licence	installed distribution METADATA and licence files	2026-10-03	local	yes	Installed separately; no dependency source vendored
pytest	local core	9.0.2	https://pypi.org/project/pytest/9.0.2/		MIT	installed distribution METADATA and licence files	2026-10-03	local	yes	Installed separately; no dependency source vendored
shellcheck_py	local core	0.11.0.1	https://pypi.org/project/shellcheck_py/0.11.0.1/		MIT	installed distribution METADATA and licence files	2026-10-03	local	yes	Installed separately; no dependency source vendored
Python	interpreter	3.13.11	https://www.python.org/		PSF-2.0	https://docs.python.org/3/license.html	2026-10-03	local	yes	project venv
Bash	orchestration	5.2.37(1)-release	https://www.gnu.org/software/bash/		GPL-3.0-or-later	https://www.gnu.org/software/bash/	2026-10-03	local	yes	separately installed executable
raptgen	generator	source commit	https://github.com/hmdlab/raptgen	c4986ca9fa439b9389916c05829da4ff9c30d6f3	MIT	https://github.com/hmdlab/raptgen/tree/c4986ca9fa439b9389916c05829da4ff9c30d6f3	2026-10-03	remote	yes	Licence file inspected; separately installed upstream code
aptadiff	generator	source commit	https://github.com/wz-create/AptaDiff	ff2719c7840c18d2b912fd9fa4953ca5bd0f5602	unclear	https://github.com/wz-create/AptaDiff/tree/ff2719c7840c18d2b912fd9fa4953ca5bd0f5602	2026-10-03	remote	unclear	No explicit repository software licence at inspected commit; paper Code availability declares MIT but repository contains no licence; excluded pending clarification
instructna	optional generator	source commit	https://github.com/zhimingzhang275/InstructNA	89b1e68e130620f5fe76458683d7f5f98404f81a	unclear	https://github.com/zhimingzhang275/InstructNA/tree/89b1e68e130620f5fe76458683d7f5f98404f81a	2026-10-03	remote	unclear	No explicit repository software licence at inspected commit
